open_time,open,high,low,close,volume,close_time,quote_volume,count,taker_buy_volume,taker_buy_quote_volume,ignore
1769299200000,89180.70,89281.60,88800.00,88920.00,5837.206,1769313599999,519757214.57140,156459,2513.903,223883148.11550,0
1769313600000,88920.00,89057.80,88600.00,88630.30,6941.923,1769327999999,616528712.96800,185645,3543.586,314744536.01220,0
1769328000000,88630.30,88727.20,88084.00,88531.00,12171.295,1769342399999,1076128048.50360,276405,6106.356,539927573.09380,0
1769342400000,88530.90,88947.10,88306.60,88406.00,12877.754,1769356799999,1141797817.87440,282844,6052.166,536611021.28990,0
1769356800000,88406.00,88410.00,86100.00,86459.40,55909.370,1769371199999,4879819697.40530,1248650,24921.092,2176235964.34660,0
1769371200000,86459.40,86966.40,86021.70,86628.90,31141.815,1769385599999,2692558435.56170,740808,16253.718,1405646229.61540,0
