open_time,open,high,low,close,volume,close_time,quote_volume,count,taker_buy_volume,taker_buy_quote_volume,ignore
1765756800000,88118.80,89972.40,88025.30,89239.90,27815.116,1765771199999,2476536417.65480,730148,14136.196,1258239820.22850,0
1765771200000,89240.00,89880.00,89229.50,89703.00,10941.101,1765785599999,980082063.27400,317981,5486.784,491512571.90170,0
1765785600000,89702.90,89940.00,89525.00,89606.00,11790.519,1765799999999,1058346030.99730,301534,5523.451,495812606.76400,0
1765800000000,89606.00,89845.00,86563.60,86996.60,67384.379,1765814399999,5931561693.66940,1552991,32100.623,2825725865.42710,0
1765814400000,86996.50,87189.90,85073.00,86104.20,56199.332,1765828799999,4838857229.64880,1474184,26865.313,2313806895.33260,0
1765828800000,86104.20,86437.10,85489.70,86389.90,20085.598,1765843199999,1726542357.18820,557537,10318.545,887017976.53750,0
