open_time,open,high,low,close,volume,close_time,quote_volume,count,taker_buy_volume,taker_buy_quote_volume,ignore
1754006400000,115697.30,116000.00,114239.00,115595.70,42604.847,1754020799999,4908711570.03130,883811,20145.998,2321764248.70470,0
1754020800000,115595.60,115873.40,114579.50,115015.10,21214.534,1754035199999,2442910855.82110,487632,10066.861,1159103226.69600,0
1754035200000,115015.10,115291.10,114055.60,115246.60,26589.382,1754049599999,3051479240.97840,578750,13404.191,1538552497.85940,0
1754049600000,115246.50,115956.00,113871.10,115305.30,54800.767,1754063999999,6310135880.61450,1107777,27106.158,3121777203.13790,0
1754064000000,115305.30,115656.80,113173.70,113278.50,46088.416,1754078399999,5263580836.70080,937296,21000.588,2398837053.94600,0
1754078400000,113278.40,114039.00,112660.00,113244.80,29984.153,1754092799999,3398061339.62750,676424,14693.030,1665664503.79890,0
