open_time,open,high,low,close,volume,close_time,quote_volume,count,taker_buy_volume,taker_buy_quote_volume,ignore
1762128000000,110494.90,110711.00,107850.00,107886.00,27059.636,1762142399999,2949865903.09320,937618,12142.663,1324101328.98920,0
1762142400000,107886.00,108088.80,106946.70,107420.50,24838.664,1762156799999,2672212875.04010,852831,12832.087,1380680605.65910,0
1762156800000,107420.60,107881.40,106618.70,107737.40,20106.721,1762171199999,2158191308.93490,711489,9678.390,1039387665.79830,0
1762171200000,107737.40,108280.00,105500.00,105718.80,48388.035,1762185599999,5166649806.12570,1348002,23936.087,2555498681.37400,0
1762185600000,105718.80,107797.20,105300.00,107034.70,38120.260,1762199999999,4065853237.34080,1255647,18679.126,1992491558.67940,0
1762200000000,107034.70,107120.00,105750.10,106544.00,15744.731,1762214399999,1677089669.82820,706358,7892.178,840714907.99100,0
