open_time,open,high,low,close,volume,close_time,quote_volume,count,taker_buy_volume,taker_buy_quote_volume,ignore
1764374400000,90847.80,91078.40,90500.00,90638.00,7053.901,1764388799999,640145178.10700,204990,3409.389,309426201.05650,0
1764388800000,90638.10,90884.80,90265.20,90523.50,9280.403,1764403199999,840380094.52240,240715,4382.266,396925989.85790,0
1764403200000,90523.40,90691.50,90335.20,90633.70,6285.010,1764417599999,569067896.75210,195645,3082.944,279173470.90030,0
1764417600000,90633.80,91068.10,90484.30,91030.00,8755.570,1764431999999,794684812.15450,223974,4794.569,435222949.05580,0
1764432000000,91030.00,91130.00,90092.70,90602.90,14802.817,1764446399999,1340529258.78730,347104,6710.699,607864451.33450,0
1764446400000,90602.90,91020.00,90363.00,90765.00,8018.978,1764460799999,727871050.88890,209837,4076.053,370089074.32440,0
