open_time,open,high,low,close,volume,close_time,quote_volume,count,taker_buy_volume,taker_buy_quote_volume,ignore
1762473600000,101305.60,102311.00,100700.10,101863.50,20217.531,1762487999999,2051940944.71140,868760,9848.871,999557877.77280,0
1762488000000,101863.40,102480.40,101530.00,101978.80,13280.182,1762502399999,1354971566.48400,482020,6480.578,661207748.91720,0
1762502400000,101978.20,102024.70,99750.00,100369.10,30839.672,1762516799999,3101644703.63450,794863,13697.552,1377731719.05760,0
1762516800000,100369.20,101230.00,99200.00,100758.00,47608.527,1762531199999,4773150933.84970,1618895,24281.842,2435510391.61190,0
1762531200000,100758.00,103350.70,100468.90,103350.00,34409.209,1762545599999,3512126814.89430,1302105,17631.745,1799581885.19120,0
1762545600000,103350.00,104070.70,102889.60,103305.20,17612.337,1762559999999,1824391449.42530,536412,8720.708,903615044.60680,0
