open_time,open,high,low,close,volume,close_time,quote_volume,count,taker_buy_volume,taker_buy_quote_volume,ignore
1766793600000,87318.30,87493.40,87203.00,87473.40,4564.436,1766807999999,398795486.19640,119853,2176.968,190209933.68660,0
1766808000000,87473.40,87669.70,87374.50,87490.90,3525.475,1766822399999,308428402.90980,105910,1664.421,145613707.02680,0
1766822400000,87490.90,87634.90,87324.60,87433.60,5166.212,1766836799999,452062598.03630,125505,2406.245,210565131.89420,0
1766836800000,87433.60,87555.00,87264.80,87516.20,4515.048,1766851199999,394754975.30850,109873,2275.422,198953739.05620,0
1766851200000,87516.30,87545.60,87397.50,87522.40,2442.758,1766865599999,213692509.45580,76428,1109.929,97097987.60920,0
1766865600000,87522.30,87956.90,87455.50,87829.40,7080.180,1766879999999,620941322.77320,165296,3913.980,343284276.84780,0
