open_time,open,high,low,close,volume,close_time,quote_volume,count,taker_buy_volume,taker_buy_quote_volume,ignore
1764115200000,87324.10,88200.00,87022.20,87088.50,17140.975,1764129599999,1502013943.15810,526766,8275.626,725344563.52410,0
1764129600000,87088.40,87947.00,86851.10,87896.20,14105.593,1764143999999,1233288675.36260,376977,7320.523,640097027.13940,0
1764144000000,87896.20,87909.20,86630.00,87049.20,17454.952,1764158399999,1519512279.98840,388862,8541.957,743502982.45080,0
1764158400000,87049.10,87646.80,86260.90,86926.20,36287.132,1764172799999,3153842758.43550,876725,16130.531,1402250007.62900,0
1764172800000,86926.30,90362.70,86914.30,89923.30,54312.066,1764187199999,4838895275.68120,1122629,27672.890,2464802239.78320,0
1764187200000,89923.30,90655.40,89458.70,90438.10,19845.815,1764201599999,1788378441.59680,482879,9896.576,891898564.70490,0
