open_time,open,high,low,close,volume,close_time,quote_volume,count,taker_buy_volume,taker_buy_quote_volume,ignore
1775779200000,71750.40,72350.00,71546.00,71837.30,21715.955,1775793599999,1562685100.86680,575305,11482.119,826344375.93840,0
1775793600000,71837.30,72243.60,71382.10,71461.20,16485.581,1775807999999,1184200148.34650,398737,7392.154,531180251.87440,0
1775808000000,71461.20,72229.00,71395.00,72092.70,19118.232,1775822399999,1373272701.86530,434729,9884.948,709988793.15700,0
1775822400000,72092.80,73255.70,71868.50,72421.00,57943.465,1775836799999,4205821495.03160,1165256,29665.177,2153569394.33990,0
1775836800000,72421.10,73223.40,72350.00,73187.30,23358.005,1775851199999,1702258399.78370,552872,12351.570,900227845.79370,0
1775851200000,73187.40,73450.00,72669.10,72917.40,17948.428,1775865599999,1311531008.24920,404007,9406.243,687472908.28670,0
