open_time,open,high,low,close,volume,close_time,quote_volume,count,taker_buy_volume,taker_buy_quote_volume,ignore
1769644800000,89261.70,89316.80,87650.10,88003.20,26173.956,1769659199999,2311570166.43140,699727,12338.754,1089719776.04840,0
1769659200000,88003.20,88394.20,87863.00,88310.90,9421.294,1769673599999,830965463.66920,272201,4999.414,440984439.14650,0
1769673600000,88310.90,88461.20,87711.00,87795.20,16008.750,1769687999999,1408657769.70220,370097,8032.092,706753952.54560,0
1769688000000,87795.10,88133.20,84335.40,84898.00,74469.515,1769702399999,6402188996.54220,1581057,33297.172,2863059472.90650,0
1769702400000,84897.90,85596.10,83338.30,83979.40,83125.553,1769716799999,7018268473.17990,1846759,39978.982,3375795146.95610,0
1769716800000,83979.50,84699.90,83785.60,84604.70,17562.523,1769731199999,1480351294.99870,476246,8954.183,754804338.43140,0
