open_time,open,high,low,close,volume,close_time,quote_volume,count,taker_buy_volume,taker_buy_quote_volume,ignore
1766361600000,88621.30,89600.00,87845.00,88727.50,31996.805,1766375999999,2839146347.33520,852405,16315.636,1448250780.20080,0
1766376000000,88727.40,89173.80,88665.30,89127.70,9144.909,1766390399999,813127234.75590,308255,4585.065,407722118.69250,0
1766390400000,89127.80,90085.00,89050.10,89905.20,25914.874,1766404799999,2323136194.59310,605939,13729.615,1230919444.65350,0
1766404800000,89905.20,90599.00,89109.10,89688.50,43053.447,1766419199999,3869160833.92880,1190652,21216.133,1907355473.34890,0
1766419200000,89688.60,90088.00,87906.70,88011.10,26150.733,1766433599999,2329138359.18310,763305,12335.549,1098952711.52320,0
1766433600000,88011.00,88805.90,87872.60,88581.50,18432.701,1766447999999,1627889582.45650,460191,9716.366,858147185.70720,0
