open_time,open,high,low,close,volume,close_time,quote_volume,count,taker_buy_volume,taker_buy_quote_volume,ignore
1753574400000,117889.30,118356.00,117800.80,118162.00,6261.936,1753588799999,739493104.54380,158847,3257.485,384661976.58180,0
1753588800000,118161.90,118432.10,118041.60,118083.60,5969.934,1753603199999,705707639.89490,127436,2794.650,330369541.96850,0
1753603200000,118083.50,118273.80,117822.20,118053.40,8614.694,1753617599999,1016968413.77030,161878,4357.471,514390660.44630,0
1753617600000,118053.30,118583.20,117850.00,118580.80,14083.048,1753631999999,1665818423.40370,260914,7612.641,900558518.87770,0
1753632000000,118580.90,119550.00,118580.80,118953.30,27165.447,1753646399999,3236936363.61570,522658,14092.732,1679240320.90710,0
1753646400000,118953.30,119766.00,118709.20,119423.40,13883.900,1753660799999,1656946316.70590,297153,7154.378,853812712.11860,0
