open_time,open,high,low,close,volume,close_time,quote_volume,count,taker_buy_volume,taker_buy_quote_volume,ignore
1768867200000,92589.60,92845.00,92200.00,92397.00,13853.313,1768881599999,1281810429.99900,375011,6970.722,645012984.73170,0
1768881600000,92396.90,92440.10,90723.30,91136.10,40101.084,1768895999999,3663829657.72980,879925,18028.979,1646861085.96430,0
1768896000000,91136.10,91415.10,90622.20,91185.80,17642.089,1768910399999,1606246289.78010,452271,8893.264,809819872.48500,0
1768910400000,91185.80,91344.80,89819.00,90644.20,49534.190,1768924799999,4487686624.79200,1143705,23843.948,2160512935.86610,0
1768924800000,90644.30,90944.50,89250.20,89694.10,34730.522,1768939199999,3122470867.42390,962922,17038.215,1532112773.56530,0
1768939200000,89694.10,89824.00,87787.20,88390.60,32215.002,1768953599999,2856154831.65210,817280,14359.227,1273373396.51490,0
