open_time,open,high,low,close,volume,close_time,quote_volume,count,taker_buy_volume,taker_buy_quote_volume,ignore
1763424000000,92169.80,92335.40,89666.10,90811.90,54125.497,1763438399999,4925895505.25650,1622831,24727.684,2251697849.36170,0
1763438400000,90811.80,90842.10,89012.00,90459.10,44370.545,1763452799999,3991086321.85670,1384231,21058.668,1894530171.12580,0
1763452800000,90459.20,91567.00,90459.10,91473.60,28352.843,1763467199999,2585386336.83790,886782,14290.768,1303028122.01010,0
1763467200000,91474.10,92991.70,90888.00,92851.40,58085.185,1763481599999,5336078414.24420,1723346,29408.369,2702163139.33690,0
1763481600000,92851.50,93799.10,92532.00,93143.10,33005.355,1763495999999,3079103993.86170,1072779,16437.199,1533631563.75550,0
1763496000000,93143.10,93400.00,92420.30,92916.90,14751.731,1763510399999,1370099530.14010,487938,7863.794,730430573.87530,0
