open_time,open,high,low,close,volume,close_time,quote_volume,count,taker_buy_volume,taker_buy_quote_volume,ignore
1771545600000,66973.90,67490.00,66912.40,67327.20,16163.093,1771559999999,1087133241.94320,434786,8480.285,570405840.65240,0
1771560000000,67327.20,67999.90,67079.30,67794.70,23131.392,1771574399999,1564496913.38010,504221,11890.299,804364068.08690,0
1771574400000,67794.80,68283.70,67250.00,67290.50,27634.024,1771588799999,1876247320.56330,618776,12891.377,875486946.90390,0
1771588800000,67290.40,68099.90,66408.10,67547.60,89010.872,1771603199999,5973536835.33630,1860757,44251.694,2969633489.49040,0
1771603200000,67547.60,67998.90,66915.00,67616.50,53992.045,1771617599999,3643638010.92720,1340228,28099.175,1896000401.56400,0
1771617600000,67616.50,68220.00,67486.60,67979.30,15372.545,1771631999999,1043058897.19680,405383,8201.592,556499532.55470,0
