open_time,open,high,low,close,volume,close_time,quote_volume,count,taker_buy_volume,taker_buy_quote_volume,ignore
1772582400000,68295.20,68887.90,67350.00,67700.10,33692.828,1772596799999,2294829318.31750,1056944,16605.127,1131356069.84600,0
1772596800000,67700.10,69676.40,67421.90,69464.50,39330.795,1772611199999,2691075162.52670,1037526,22491.620,1539969349.74880,0
1772611200000,69464.50,71887.90,69100.20,71082.40,94611.132,1772625599999,6711563500.15370,2159666,50191.157,3560244868.88440,0
1772625600000,71082.30,73436.40,70559.70,73339.70,92618.500,1772639999999,6660370946.67680,2277078,51133.412,3678427107.84230,0
1772640000000,73339.70,74046.50,72467.20,73580.20,67026.008,1772654399999,4914135962.18500,1758360,34876.310,2558008622.16590,0
1772654400000,73580.30,73678.20,72273.00,72641.40,29864.233,1772668799999,2179535366.13620,823722,14990.112,1094193853.81600,0
