open_time,open,high,low,close,volume,close_time,quote_volume,count,taker_buy_volume,taker_buy_quote_volume,ignore
1769904000000,78706.70,79396.80,78245.70,78826.30,19245.976,1769918399999,1516357182.97910,864454,9945.902,783736405.30090,0
1769918400000,78826.30,79094.90,77899.90,78320.80,18661.217,1769932799999,1464999264.21260,610640,8473.002,665272898.05910,0
1769932800000,78320.80,79194.00,78099.80,78712.10,18582.650,1769947199999,1460620155.07120,662869,9346.083,734834823.43800,0
1769947200000,78712.10,78732.00,76752.50,77563.80,45953.015,1769961599999,3572444518.70240,1415405,22023.591,1712464059.72960,0
1769961600000,77563.80,78421.60,76950.90,77142.40,29864.884,1769975999999,2317961314.78800,1233484,14588.138,1132427812.52240,0
1769976000000,77142.40,77753.60,75644.00,76931.50,54676.338,1769990399999,4197965624.02370,1975206,25134.250,1930585845.19930,0
