open_time,open,high,low,close,volume,close_time,quote_volume,count,taker_buy_volume,taker_buy_quote_volume,ignore
1769472000000,88300.60,88880.60,88157.40,88744.60,12771.372,1769486399999,1130676006.05840,321359,6294.050,557373615.44980,0
1769486400000,88744.70,88983.30,88239.90,88287.90,8861.368,1769500799999,784533544.84410,242180,3987.370,353035011.69230,0
1769500800000,88288.00,88365.60,87707.10,87947.50,10960.454,1769515199999,964446911.57360,287009,5558.923,489134625.06840,0
1769515200000,87947.40,88418.80,87530.00,88000.10,21717.911,1769529599999,1909317364.39360,642714,11551.641,1015747979.86380,0
1769529600000,88000.10,88836.30,87265.40,88378.10,38341.683,1769543999999,3376774539.97880,1017401,19740.693,1738908514.57470,0
1769544000000,88378.10,89499.00,88335.60,89197.80,25273.326,1769558399999,2252943696.13230,622011,12584.061,1121791783.05370,0
