open_time,open,high,low,close,volume,close_time,quote_volume,count,taker_buy_volume,taker_buy_quote_volume,ignore
1768435200000,96908.00,96960.90,95733.10,95943.10,19713.874,1768449599999,1899184529.32620,551987,9799.984,944312420.28130,0
1768449600000,95943.10,96744.20,95909.10,96601.20,17931.660,1768463999999,1727319124.56300,405125,9169.899,883298438.22440,0
1768464000000,96601.20,97155.00,96243.80,96548.90,15485.899,1768478399999,1498183760.61200,361257,7557.803,731206150.85160,0
1768478400000,96548.90,97100.00,95403.70,96717.30,45603.132,1768492799999,4387086111.10190,1115692,24087.743,2317448610.30810,0
1768492800000,96717.30,97047.60,95080.00,95469.20,37698.441,1768507199999,3624336028.06440,1010964,18629.299,1791644482.63320,0
1768507200000,95469.20,95837.80,95089.00,95567.30,12771.735,1768521599999,1218819876.92830,353570,6730.090,642301085.74900,0
