open_time,open,high,low,close,volume,close_time,quote_volume,count,taker_buy_volume,taker_buy_quote_volume,ignore
1767225600000,87608.30,88065.00,87600.00,87824.60,7102.550,1767239999999,624149714.80350,166996,3658.290,321468253.04080,0
1767240000000,87824.60,87831.60,87508.40,87603.70,5685.305,1767254399999,498199677.95970,135718,2747.103,240719149.70690,0
1767254400000,87603.70,87985.60,87590.00,87980.10,6046.668,1767268799999,530913902.95900,127814,3556.141,312226175.21820,0
1767268800000,87980.10,88079.30,87758.40,87986.80,8130.085,1767283199999,714756257.68010,173580,3884.867,341577905.19050,0
1767283200000,87986.80,88475.80,87833.10,88354.80,11314.033,1767297599999,997983119.77410,235996,5804.121,512019372.73390,0
1767297600000,88354.80,88881.40,88193.20,88800.00,9662.662,1767311999999,855681398.34520,216879,4658.916,412623843.15310,0
