open_time,open,high,low,close,volume,close_time,quote_volume,count,taker_buy_volume,taker_buy_quote_volume,ignore
1767657600000,93822.30,94125.10,93467.10,93725.80,13154.652,1767671999999,1233164428.47100,352502,7005.088,656680529.04870,0
1767672000000,93725.70,93966.40,93088.00,93207.40,16653.016,1767686399999,1557956166.54150,336970,7821.953,731865013.89100,0
1767686400000,93207.40,93865.50,93130.40,93799.90,13061.435,1767700799999,1220932941.03550,267520,6894.672,644452508.56690,0
1767700800000,93800.00,94415.40,93292.00,93608.20,42110.368,1767715199999,3952955594.55680,818869,21804.397,2046869159.17030,0
1767715200000,93608.20,93728.90,91209.00,92062.20,69722.545,1767729599999,6430736913.77600,1192775,34054.530,3140394672.28110,0
1767729600000,92062.20,93825.00,92062.20,93708.00,32741.034,1767743999999,3049814762.39510,640190,16651.586,1550630838.33180,0
