open_time,open,high,low,close,volume,close_time,quote_volume,count,taker_buy_volume,taker_buy_quote_volume,ignore
1764201600000,90438.00,91850.00,90024.40,91049.30,32745.927,1764215999999,2980706816.51630,757087,17162.124,1562540613.58950,0
1764216000000,91049.30,91520.00,90843.80,91361.50,14177.400,1764230399999,1292953482.01700,419980,6875.905,627139716.88440,0
1764230400000,91361.40,91931.90,91177.20,91334.90,18138.117,1764244799999,1659861391.34290,372418,7974.566,729885817.30690,0
1764244800000,91334.90,91418.40,90410.60,90912.90,24029.717,1764259199999,2182974904.96510,566438,11736.480,1066194603.24100,0
1764259200000,90913.00,91800.00,90800.40,91489.00,17191.032,1764273599999,1570516841.05480,446433,8646.474,789882399.80700,0
1764273600000,91489.00,91562.80,91058.40,91292.20,7403.039,1764287999999,676367629.86340,235960,3527.181,322263333.73150,0
