open_time,open,high,low,close,volume,close_time,quote_volume,count,taker_buy_volume,taker_buy_quote_volume,ignore
1776816000000,76288.30,77699.00,76078.60,77488.30,39061.724,1776830399999,3007502350.65710,878662,20545.898,1582191203.20490,0
1776830400000,77488.40,78447.50,77321.70,77979.80,41227.885,1776844799999,3215043575.62300,804511,22210.760,1732098465.88250,0
1776844800000,77979.70,78365.80,77895.30,78263.20,15681.688,1776859199999,1224501878.34320,464902,8387.229,654989413.63570,0
1776859200000,78263.20,79370.00,78060.00,79234.30,53011.501,1776873599999,4175229579.44870,1352839,29277.358,2306432473.27080,0
1776873600000,79234.30,79444.00,78586.70,78791.30,27094.127,1776887999999,2137975258.56910,746600,14144.162,1116195575.22040,0
1776888000000,78791.30,78868.90,78111.60,78139.80,15010.171,1776902399999,1178120496.70500,407289,7427.150,583075971.67280,0
