open_time,open,high,low,close,volume,close_time,quote_volume,count,taker_buy_volume,taker_buy_quote_volume,ignore
1770940800000,66243.20,66778.50,65833.90,66519.60,18050.465,1770955199999,1197628896.67560,665012,8949.293,593744652.63310,0
1770955200000,66519.60,66650.20,65964.20,66183.30,15780.838,1770969599999,1045985421.30440,536805,7866.853,521459871.09180,0
1770969600000,66183.30,67196.80,66159.90,67137.80,22860.438,1770983999999,1526851613.82250,683700,11660.907,778924177.01580,0
1770984000000,67137.80,69289.50,66823.60,68652.00,71464.150,1770998399999,4855346095.91650,1944005,37387.642,2541864855.34080,0
1770998400000,68652.10,69473.70,68500.00,68904.20,38164.259,1771012799999,2634058936.90890,1197034,18629.649,1286153958.33030,0
1771012800000,68904.30,69055.90,68639.70,68821.50,16723.139,1771027199999,1151231430.65250,479868,8340.608,574188568.94010,0
