open_time,open,high,low,close,volume,close_time,quote_volume,count,taker_buy_volume,taker_buy_quote_volume,ignore
1767398400000,89951.50,90365.90,89914.50,90279.90,6484.185,1767412799999,584504058.20570,171671,3460.170,311894657.25680,0
1767412800000,90280.00,90456.00,89261.20,89535.90,14358.150,1767427199999,1289442082.95800,319829,6360.959,571234060.56810,0
1767427200000,89535.90,89943.90,89380.20,89706.40,9668.717,1767441599999,867277770.17280,234717,5275.633,473237166.53140,0
1767441600000,89706.40,90200.00,89620.00,89931.80,10078.954,1767455999999,906930302.74900,208627,5513.769,496128418.12190,0
1767456000000,89931.70,90189.00,89866.50,90091.80,4811.570,1767470399999,433299059.23120,119375,2396.590,215836420.79370,0
1767470400000,90091.80,90716.90,89972.90,90595.80,11489.693,1767484799999,1039250891.34340,227104,6008.643,543532311.76910,0
