open_time,open,high,low,close,volume,close_time,quote_volume,count,taker_buy_volume,taker_buy_quote_volume,ignore
1775865600000,72917.40,73066.20,72615.00,72835.10,10123.999,1775879999999,737733647.63880,238376,5117.962,373019837.81570,0
1775880000000,72835.10,72921.50,72566.40,72707.70,11906.343,1775894399999,865766281.50970,211773,6403.952,465633730.21110,0
1775894400000,72707.80,72886.00,72580.00,72868.20,8113.981,1775908799999,590363518.12020,184872,4264.742,310314756.20040,0
1775908800000,72868.20,72945.00,72451.90,72817.30,12417.345,1775923199999,902645326.89600,272945,5778.143,420115735.25620,0
1775923200000,72817.30,73773.40,72775.30,73635.90,23634.789,1775937599999,1733603527.25820,505694,13533.326,992777270.53240,0
1775937600000,73635.90,73648.80,72861.20,73013.40,13973.213,1775951999999,1023574917.12140,343666,6742.134,493914448.04590,0
