open_time,open,high,low,close,volume,close_time,quote_volume,count,taker_buy_volume,taker_buy_quote_volume,ignore
1776211200000,74106.90,74739.20,74085.00,74296.80,16203.804,1776225599999,1206016685.53150,469953,8638.220,642979330.57570,0
1776225600000,74296.80,74400.00,73449.00,73705.10,19300.982,1776239999999,1425655698.03870,437800,9034.093,667253740.58540,0
1776240000000,73705.20,74227.50,73640.10,74155.10,17459.363,1776254399999,1291668892.81250,404528,9199.927,680617340.30260,0
1776254400000,74155.00,74473.50,73540.00,73797.50,32291.529,1776268799999,2391114285.24510,834150,15465.448,1145387789.05570,0
1776268800000,73797.50,75240.00,73714.90,74957.80,24574.563,1776283199999,1829391970.95630,733559,13516.057,1006460796.83590,0
1776283200000,74957.70,75425.60,74466.50,74776.20,21199.530,1776297599999,1586508278.75110,556956,10839.901,811511271.78460,0
