open_time,open,high,low,close,volume,close_time,quote_volume,count,taker_buy_volume,taker_buy_quote_volume,ignore
1775347200000,67271.10,67279.20,66900.00,67113.50,6903.652,1775361599999,463200968.97690,151313,3466.146,232590715.62310,0
1775361600000,67113.40,67160.00,66575.50,66787.40,13916.330,1775375999999,929725513.42330,251836,6666.710,445341023.42960,0
1775376000000,66787.40,67132.80,66782.10,66972.70,6904.214,1775390399999,462254893.19760,150335,3622.372,242534875.83640,0
1775390400000,66972.70,67828.60,66650.00,67272.20,27564.797,1775404799999,1851758137.56170,467444,14902.229,1001439951.53400,0
1775404800000,67272.20,67540.00,67132.20,67329.10,10633.010,1775419199999,715744058.36660,253987,5329.302,358783128.04270,0
1775419200000,67329.10,69108.00,67302.40,68997.90,38996.166,1775433599999,2660548764.97730,819836,22734.959,1550987776.17130,0
