open_time,open,high,low,close,volume,close_time,quote_volume,count,taker_buy_volume,taker_buy_quote_volume,ignore
1769731200000,84604.70,84697.20,81000.00,82640.90,76402.239,1769745599999,6298918594.36020,1716459,35163.356,2897756362.79610,0
1769745600000,82640.90,83300.00,82021.10,82770.10,33705.929,1769759999999,2789316046.66300,761999,17743.594,1468536734.80940,0
1769760000000,82770.10,83280.60,82108.40,83104.80,24459.859,1769774399999,2020554136.99360,653884,11959.675,988336007.90480,0
1769774400000,83104.70,83779.20,82328.60,82850.20,42061.200,1769788799999,3491759019.51780,1392801,20731.658,1721238243.77320,0
1769788800000,82850.10,84599.00,81832.00,84200.00,52992.028,1769803199999,4411705034.11240,1867773,26194.470,2181313887.68290,0
1769803200000,84199.90,84487.70,83501.00,84211.40,25173.261,1769817599999,2114495980.83920,863525,13763.649,1156310016.04410,0
