open_time,open,high,low,close,volume,close_time,quote_volume,count,taker_buy_volume,taker_buy_quote_volume,ignore
1768348800000,95375.20,95670.00,95082.00,95665.70,16464.491,1768363199999,1570060916.46070,458342,8453.981,806236467.38020,0
1768363200000,95665.60,95755.00,94413.40,95166.60,23449.918,1768377599999,2227997708.84090,493764,10957.447,1041296221.17710,0
1768377600000,95166.60,95288.00,94700.00,94763.60,14291.289,1768391999999,1357760929.16640,341751,6968.212,662025029.32050,0
1768392000000,94763.70,97100.00,94643.00,96691.90,56131.329,1768406399999,5395034451.06420,1253294,29193.279,2805216524.47790,0
1768406400000,96691.90,97733.90,96180.00,97221.80,52868.159,1768420799999,5133522902.07910,1249274,27482.776,2668833287.93810,0
1768420800000,97221.80,97932.10,96666.60,96907.90,18838.305,1768435199999,1833488000.78840,552412,9230.360,898721280.55720,0
