open_time,open,high,low,close,volume,close_time,quote_volume,count,taker_buy_volume,taker_buy_quote_volume,ignore
1764806400000,93376.80,94040.00,92628.00,93499.90,24501.316,1764820799999,2288247102.55720,688446,12838.899,1199218805.63750,0
1764820800000,93500.00,93549.20,92737.00,93358.60,16001.449,1764835199999,1490059383.74870,404663,8029.135,747760714.19270,0
1764835200000,93358.50,93600.00,92666.10,92894.90,16325.267,1764849599999,1521350054.66880,447913,7889.591,735340094.80210,0
1764849600000,92894.90,93256.30,91762.00,92933.50,38745.228,1764863999999,3586141350.18730,1046475,17962.557,1663024184.26290,0
1764864000000,92933.40,93143.40,90822.50,91941.50,38482.820,1764878399999,3539153368.33400,1090904,18940.781,1741885984.37270,0
1764878400000,91941.50,92676.80,91649.80,92034.70,12716.347,1764892799999,1172490150.19590,485501,6290.342,580099757.85540,0
