open_time,open,high,low,close,volume,close_time,quote_volume,count,taker_buy_volume,taker_buy_quote_volume,ignore
1767744000000,93708.10,93708.10,92202.90,92778.20,23633.179,1767758399999,2193784452.53240,520314,11400.640,1058140970.87170,0
1767758400000,92778.10,92893.00,92457.90,92848.10,9331.514,1767772799999,865006484.87410,218403,4389.259,406903918.83270,0
1767772800000,92848.10,92928.00,91549.90,92041.90,31461.263,1767787199999,2896411199.57200,488618,14296.700,1315398734.91740,0
1767787200000,92041.80,92249.30,90987.00,91303.10,39915.388,1767801599999,3655810402.45450,873547,19398.876,1776511884.65840,0
1767801600000,91303.20,91750.00,90634.10,91143.60,28364.998,1767815999999,2585086529.57940,651044,14188.510,1293134119.35110,0
1767816000000,91143.60,91462.10,90740.50,91328.00,16280.508,1767830399999,1483993082.80020,376629,9625.729,877507020.12390,0
