open_time,open,high,low,close,volume,close_time,quote_volume,count,taker_buy_volume,taker_buy_quote_volume,ignore
1767052800000,87203.20,87393.10,86789.00,87334.70,13438.983,1767067199999,1170721639.17750,339096,6473.888,564081686.51650,0
1767067200000,87334.70,87581.40,87105.60,87457.50,8171.089,1767081599999,713871591.18270,200037,4124.913,360378896.14950,0
1767081600000,87457.50,88190.60,87455.50,87875.20,23327.302,1767095999999,2050228932.95620,436628,11193.593,983780183.74770,0
1767096000000,87875.30,89126.00,87788.20,88966.80,38901.923,1767110399999,3439699501.60800,843470,19716.480,1743384153.91110,0
1767110400000,88966.80,89355.00,87910.40,88189.70,32511.331,1767124799999,2880952967.33530,691674,15779.228,1397847816.63570,0
1767124800000,88189.80,88533.00,87833.20,88455.30,10394.632,1767139199999,916805583.29110,240755,5565.425,490864160.85100,0
