open_time,open,high,low,close,volume,close_time,quote_volume,count,taker_buy_volume,taker_buy_quote_volume,ignore
1760486400000,112983.90,113576.10,111758.50,111978.70,20365.548,1760500799999,2294356518.60110,719679,9784.725,1102598482.59070,0
1760500800000,111978.70,112637.00,111692.80,112524.30,12933.986,1760515199999,1451695759.32670,547046,6806.829,764028846.59260,0
1760515200000,112524.40,113477.90,111606.10,111841.00,25860.953,1760529599999,2908858789.97520,711510,11634.436,1309121522.08320,0
1760529600000,111840.90,112183.40,110320.40,110757.50,40187.854,1760543999999,4472043016.39570,1344889,20395.596,2269912379.07590,0
1760544000000,110757.40,111500.00,110096.90,111202.70,18943.794,1760558399999,2099340817.49980,804318,9665.310,1071217466.64280,0
1760558400000,111202.70,111499.70,110429.80,110699.00,13484.955,1760572799999,1495808682.59050,544439,6489.637,719760943.40020,0
