open_time,open,high,low,close,volume,close_time,quote_volume,count,taker_buy_volume,taker_buy_quote_volume,ignore
1772841600000,68083.00,68524.90,68018.70,68063.20,14174.659,1772855999999,967215038.60430,333559,7230.298,493381205.53130,0
1772856000000,68063.30,68130.70,67411.00,67809.40,20253.761,1772870399999,1373160889.63530,467396,9576.928,649324387.46050,0
1772870400000,67809.50,68215.60,67675.00,67975.90,13839.088,1772884799999,940545158.99210,350443,7077.551,481023497.61820,0
1772884800000,67976.00,68061.10,67568.40,67844.80,13378.413,1772899199999,908083741.40170,368090,6517.557,442429873.18160,0
1772899200000,67844.80,67913.60,66850.10,67042.60,19525.490,1772913599999,1316471681.51680,475990,8360.355,563858361.04000,0
1772913600000,67042.60,67445.90,67028.00,67232.10,13398.751,1772927999999,901457716.51030,315279,7092.378,477156805.24340,0
