open_time,open,high,low,close,volume,close_time,quote_volume,count,taker_buy_volume,taker_buy_quote_volume,ignore
1769385600000,86628.90,87922.00,86463.20,87233.10,28640.303,1769399999999,2500875244.93170,737506,13229.659,1155084534.21080,0
1769400000000,87233.10,88059.60,87188.30,87968.90,13632.750,1769414399999,1196706866.98130,407310,6667.915,585345742.25580,0
1769414400000,87969.00,88367.50,87556.90,87810.00,12963.850,1769428799999,1139316653.26970,346058,6706.656,589503293.45410,0
1769428800000,87810.10,88834.10,87278.50,87609.50,37919.782,1769443199999,3336965656.61640,1002495,19104.505,1681046196.58350,0
1769443200000,87609.40,88496.40,86960.00,87965.60,28639.512,1769457599999,2512742073.61060,803951,14359.412,1259765562.73230,0
1769457600000,87965.50,88637.40,87506.80,88300.60,12813.294,1769471999999,1128250918.88200,358535,6398.600,563337367.92210,0
