open_time,open,high,low,close,volume,close_time,quote_volume,count,taker_buy_volume,taker_buy_quote_volume,ignore
1763337600000,94221.70,95539.30,93730.00,95472.10,24659.317,1763351999999,2340429958.69160,921248,13026.031,1236426067.90390,0
1763352000000,95472.00,95838.00,94850.00,95587.90,15760.621,1763366399999,1501137679.83910,601951,7200.013,685957156.26100,0
1763366400000,95587.90,95980.10,95268.90,95530.10,14932.070,1763380799999,1428195199.46400,499172,6937.100,663548191.81930,0
1763380800000,95530.00,96012.20,93511.80,93915.70,58887.551,1763395199999,5570396847.23870,1801471,28182.436,2665967803.01210,0
1763395200000,93915.80,94388.00,91550.20,91656.20,60184.076,1763409599999,5588430061.26400,1720580,27978.756,2598078105.24230,0
1763409600000,91656.20,92370.90,91250.00,92169.70,30737.650,1763423999999,2822878567.29210,905306,14703.285,1350473999.03740,0
