open_time,open,high,low,close,volume,close_time,quote_volume,count,taker_buy_volume,taker_buy_quote_volume,ignore
1764633600000,86241.50,87384.00,86140.10,86936.00,23647.179,1764647999999,2048707029.21440,697154,12629.432,1094324423.36850,0
1764648000000,86935.90,87245.90,86772.00,86965.00,11979.706,1764662399999,1041961329.48850,377268,5805.492,504975764.68660,0
1764662400000,86965.00,87640.00,86321.00,87326.90,24568.861,1764676799999,2134963767.50920,584196,12486.402,1085399099.78580,0
1764676800000,87327.00,91211.30,87005.00,90809.20,78565.044,1764691199999,7009801706.43910,1736982,41583.774,3711414469.33720,0
1764691200000,90809.20,92273.20,90156.40,91849.90,54905.622,1764705599999,5017131905.68280,1248108,28164.496,2574354743.96280,0
1764705600000,91849.90,91970.40,90643.50,91249.10,34434.753,1764719999999,3145452878.94210,676659,15303.864,1398025670.05780,0
