open_time,open,high,low,close,volume,close_time,quote_volume,count,taker_buy_volume,taker_buy_quote_volume,ignore
1757289600000,111075.50,111345.00,110566.50,111004.90,14141.826,1757303999999,1569282616.88400,350370,7112.108,789328805.06880,0
1757304000000,111004.80,111580.70,110852.10,111236.40,9409.023,1757318399999,1045864769.09040,220937,4842.835,538382673.40260,0
1757318400000,111236.50,112144.00,111201.00,112022.00,24016.679,1757332799999,2685693329.60670,441510,12633.065,1412686013.59050,0
1757332800000,112022.00,112867.60,111800.00,112573.60,28275.809,1757347199999,3175807403.79610,552602,13294.222,1493474265.07360,0
1757347200000,112573.60,112635.00,111927.00,112051.00,14865.987,1757361599999,1669241111.51460,321689,7463.117,838046010.70740,0
1757361600000,112050.00,112460.40,111847.00,112012.60,8408.535,1757375999999,942819062.11180,175028,4267.972,478542307.67050,0
