open_time,open,high,low,close,volume,close_time,quote_volume,count,taker_buy_volume,taker_buy_quote_volume,ignore
1767916800000,91059.80,91600.00,90800.60,91190.10,13112.406,1767931199999,1195381623.40160,342922,6857.406,625238816.63170,0
1767931200000,91190.10,91203.00,90704.00,90712.10,7718.517,1767945599999,702163268.48950,196196,3493.788,317862008.79600,0
1767945600000,90712.10,90812.00,89632.80,90398.10,29857.973,1767959999999,2694196469.08130,528954,13949.544,1258720566.93020,0
1767960000000,90398.10,91999.00,89800.00,91137.70,50210.138,1767974399999,4561163174.55600,1201378,25254.924,2293941763.61750,0
1767974400000,91137.80,91749.90,90145.00,90290.60,30045.679,1767988799999,2733769137.71540,789900,15100.803,1374159849.45070,0
1767988800000,90290.60,90693.00,90082.60,90603.60,9449.964,1768003199999,854542941.49000,271667,5332.536,482183371.99280,0
