open_time,open,high,low,close,volume,close_time,quote_volume,count,taker_buy_volume,taker_buy_quote_volume,ignore
1756857600000,111187.90,111732.90,110842.70,110991.70,14679.713,1756871999999,1632755224.34210,374086,6876.067,764829053.08880,0
1756872000000,110991.80,111117.50,110486.90,111041.50,11117.044,1756886399999,1231433323.24130,265954,5551.338,614967937.17800,0
1756886400000,111041.40,111670.00,110843.00,111391.60,11890.428,1756900799999,1323034246.74750,285908,6055.988,673848057.96330,0
1756900800000,111391.60,112470.50,110966.80,112168.60,42967.906,1756915199999,4800070477.56940,839631,21573.675,2410314100.82730,0
1756915200000,112168.50,112541.20,111626.00,112139.90,17438.926,1756929599999,1954352013.49260,399745,8641.447,968442118.49760,0
1756929600000,112140.00,112207.10,111550.90,111659.80,7410.404,1756943999999,829114376.41420,197721,3164.271,354043339.83220,0
