open_time,open,high,low,close,volume,close_time,quote_volume,count,taker_buy_volume,taker_buy_quote_volume,ignore
1767139200000,88455.20,88780.00,88134.90,88411.50,11679.228,1767153599999,1033642747.51270,284798,5755.742,509432296.73260,0
1767153600000,88411.60,88596.00,88280.10,88569.00,6284.482,1767167999999,555800111.88320,156929,3274.140,289594861.02190,0
1767168000000,88568.90,89000.00,88339.90,88967.60,12440.160,1767182399999,1103628082.25660,265798,6314.494,560180363.65320,0
1767182400000,88967.60,89192.80,87729.20,87909.00,31536.840,1767196799999,2789104070.34550,644318,15019.976,1328101821.12530,0
1767196800000,87909.00,88024.30,87350.50,87515.00,24053.975,1767211199999,2109253941.69180,535363,12900.053,1131349846.34190,0
1767211200000,87515.00,87849.70,87189.20,87608.20,10773.672,1767225599999,943182401.85020,224667,5217.630,456869062.74080,0
