open_time,open,high,low,close,volume,close_time,quote_volume,count,taker_buy_volume,taker_buy_quote_volume,ignore
1770854400000,67054.80,68021.00,67016.60,67550.20,19130.074,1770868799999,1291789969.92650,710909,9588.195,647359962.31250,0
1770868800000,67550.30,67659.60,66640.00,67181.50,17969.216,1770883199999,1206159030.41890,625391,8584.903,576062272.35170,0
1770883200000,67181.50,68265.50,66860.00,68031.80,23709.827,1770897599999,1603590511.46860,728835,11898.638,804712196.90370,0
1770897600000,68031.80,68385.00,66958.00,67107.00,45122.558,1770911999999,3055124981.52740,1450470,22353.844,1513517728.06650,0
1770912000000,67107.00,67221.90,65081.00,65760.70,70971.692,1770926399999,4680463445.47250,2174166,33764.056,2227083990.81810,0
1770926400000,65760.70,66460.80,65177.80,66243.10,23089.892,1770940799999,1521162901.47640,791061,11434.150,753229390.73920,0
