open_time,open,high,low,close,volume,close_time,quote_volume,count,taker_buy_volume,taker_buy_quote_volume,ignore
1764460800000,90764.90,91016.00,90414.00,90873.00,6739.259,1764475199999,611722766.48640,184770,3446.769,312884255.31810,0
1764475200000,90872.90,90999.40,90626.20,90924.50,4260.813,1764489599999,387014734.77110,139397,2229.342,202500434.90800,0
1764489600000,90924.50,91580.00,90879.30,91000.90,14264.111,1764503999999,1301389966.57600,345695,7733.445,705665913.75820,0
1764504000000,91000.90,91934.40,90960.00,91405.80,16461.441,1764518399999,1506560883.98750,398505,9070.931,830173905.62550,0
1764518400000,91405.90,91818.80,91088.10,91423.20,8957.664,1764532799999,819356817.44540,240002,4606.770,421353497.87850,0
1764532800000,91423.10,91592.30,90300.00,90320.60,15456.430,1764547199999,1404436820.10760,362323,6469.048,588009522.96900,0
