open_time,open,high,low,close,volume,close_time,quote_volume,count,taker_buy_volume,taker_buy_quote_volume,ignore
1753228800000,119993.70,120146.50,118522.00,118620.80,18660.208,1753243199999,2226669623.05290,348116,8375.268,999702382.10130,0
1753243200000,118620.70,118997.70,118236.10,118327.00,14724.267,1753257599999,1746165329.32940,272799,7206.326,854765624.15050,0
1753257600000,118326.90,118586.30,117789.20,118484.80,20516.010,1753271999999,2424970360.33020,340550,10062.422,1189477615.68680,0
1753272000000,118484.70,118687.10,117259.70,118531.00,37596.998,1753286399999,4432910830.61560,630175,17080.612,2014243267.35280,0
1753286400000,118530.90,118530.90,117250.00,118344.40,22578.767,1753300799999,2662236519.10460,480238,10994.028,1296399871.22340,0
1753300800000,118344.40,118725.30,117319.00,118713.50,22910.647,1753315199999,2706938168.20910,411557,12893.896,1524279795.90310,0
