open_time,open,high,low,close,volume,close_time,quote_volume,count,taker_buy_volume,taker_buy_quote_volume,ignore
1765238400000,90610.80,90810.80,89774.10,90364.00,15639.888,1765252799999,1411230047.94360,461091,7756.369,700059043.08310,0
1765252800000,90364.10,90485.80,89368.90,90449.90,20910.849,1765267199999,1881319998.24320,470991,9674.583,870708066.38880,0
1765267200000,90449.90,90584.80,89868.00,90341.90,10989.605,1765281599999,992142337.71550,324753,5264.552,475314587.95440,0
1765281600000,90342.00,92867.00,89953.00,92676.90,45314.765,1765295999999,4130259824.99180,1162906,23476.452,2140374779.33080,0
1765296000000,92676.90,94555.00,92656.50,93761.90,62023.498,1765310399999,5819453340.70140,1350242,32201.844,3021936650.81560,0
1765310400000,93761.90,93819.10,92199.00,92638.40,27051.658,1765324799999,2512361934.87230,709573,13330.097,1237944439.38800,0
