open_time,open,high,low,close,volume,close_time,quote_volume,count,taker_buy_volume,taker_buy_quote_volume,ignore
1758499200000,115183.90,115344.60,114050.00,114602.90,34217.270,1758513599999,3918966208.28860,721536,15419.483,1765780196.48750,0
1758513600000,114602.90,114604.90,111469.20,112454.40,53970.686,1758527999999,6093053692.74320,954408,22962.584,2591344683.28570,0
1758528000000,112454.50,112927.00,112119.00,112814.10,16269.606,1758542399999,1830491338.07670,434265,7920.297,891144600.31710,0
1758542400000,112814.00,113413.50,112333.00,112768.70,26147.892,1758556799999,2952082367.14110,600647,13907.790,1570555232.95790,0
1758556800000,112768.70,112839.00,111866.30,112072.90,17130.484,1758571199999,1924639058.24910,423318,8095.637,909716337.43790,0
1758571200000,112072.80,112942.40,111924.60,112604.70,11725.630,1758585599999,1319956307.92830,285199,5876.366,661491303.98630,0
