open_time,open,high,low,close,volume,close_time,quote_volume,count,taker_buy_volume,taker_buy_quote_volume,ignore
1765152000000,90345.40,91650.00,89806.40,91039.40,20651.383,1765166399999,1876740877.09210,654039,10584.942,962077398.69440,0
1765166400000,91039.30,91868.00,90979.20,91519.80,12977.758,1765180799999,1186328142.42050,381056,6797.297,621456721.90350,0
1765180800000,91519.80,92262.60,91433.60,91923.50,16068.448,1765195199999,1477209947.76090,402187,8071.230,742098970.97500,0
1765195200000,91923.60,92106.40,89553.80,89912.60,57039.196,1765209599999,5180228934.46150,1264311,27438.168,2491841727.78990,0
1765209600000,89912.70,90471.60,89629.10,90073.60,29715.552,1765223999999,2676272220.82280,871468,14787.061,1331722951.29310,0
1765224000000,90073.70,91338.20,90073.70,90610.80,16022.402,1765238399999,1454403176.48110,480658,8253.992,749297085.30100,0
