open_time,open,high,low,close,volume,close_time,quote_volume,count,taker_buy_volume,taker_buy_quote_volume,ignore
1761868800000,108263.60,110014.40,108226.60,109186.20,32333.602,1761883199999,3530961499.11740,978591,16165.504,1765242932.67730,0
1761883200000,109186.30,110200.00,109062.70,109400.10,23926.082,1761897599999,2624698288.89060,644061,12166.080,1334616826.72430,0
1761897600000,109400.00,110500.00,109159.00,110375.70,19137.691,1761911999999,2102644806.19510,636595,10071.934,1106695659.94370,0
1761912000000,110375.70,111233.00,109308.10,110160.10,44500.399,1761926399999,4904556420.66470,1323732,23272.586,2565460495.19170,0
1761926400000,110160.10,110273.20,108600.00,109802.80,25323.478,1761940799999,2771052956.49390,932112,12602.658,1379054796.12030,0
1761940800000,109802.70,109802.70,109277.70,109557.30,6842.524,1761955199999,749883516.17830,275846,3828.031,419549626.07300,0
