open_time,open,high,low,close,volume,close_time,quote_volume,count,taker_buy_volume,taker_buy_quote_volume,ignore
1761782400000,109985.60,110957.90,109670.60,110694.50,17053.264,1761796799999,1883988753.98440,578433,8904.914,983676187.09100,0
1761796800000,110694.40,111565.10,107817.30,111313.50,53901.189,1761811199999,5907580036.79220,1564818,25877.856,2836641031.28280,0
1761811200000,111313.60,111400.00,109638.60,109666.00,21769.837,1761825599999,2403748353.59030,625319,9963.759,1100430950.15930,0
1761825600000,109665.90,109736.30,107254.10,107670.60,53828.523,1761839999999,5823083810.53760,1683774,25845.543,2796350760.71650,0
1761840000000,107670.50,108184.00,106200.00,106495.10,36902.370,1761854399999,3953894578.91820,1189216,17331.833,1857520433.81770,0
1761854400000,106494.30,108300.00,106257.00,108263.50,22298.461,1761868799999,2396813894.72510,688760,12162.766,1307623004.64870,0
