open_time,open,high,low,close,volume,close_time,quote_volume,count,taker_buy_volume,taker_buy_quote_volume,ignore
1762560000000,103305.30,103373.80,102488.00,102545.80,15693.661,1762574399999,1615609105.92050,571384,7198.744,741096917.65570,0
1762574400000,102545.80,102794.00,101853.80,102302.90,14868.115,1762588799999,1521785971.90640,520588,6682.083,683956952.27230,0
1762588800000,102302.80,102654.10,101647.70,101805.60,11719.209,1762603199999,1197988470.58850,410895,5680.089,580863299.86950,0
1762603200000,101805.60,102142.90,101400.10,101678.00,14407.901,1762617599999,1466345472.88030,528921,6512.248,662882107.00740,0
1762617600000,101678.10,102182.70,101471.10,101934.30,8852.243,1762631999999,901264460.62950,328218,4412.480,449298365.34450,0
1762632000000,101934.40,102443.90,101906.60,102269.30,5150.820,1762646399999,526456497.57880,199202,2541.254,259735272.88490,0
