open_time,open,high,low,close,volume,close_time,quote_volume,count,taker_buy_volume,taker_buy_quote_volume,ignore
1762214400000,106544.00,107271.90,105820.00,107097.20,21672.139,1762228799999,2312391226.32810,807482,11565.412,1234063332.55290,0
1762228800000,107097.10,107247.80,104125.30,104442.90,41302.896,1762243199999,4338415467.46250,1292589,18896.058,1984598681.30220,0
1762243200000,104442.90,104656.00,103550.00,104530.70,30893.792,1762257599999,3213486229.14430,1031916,14570.407,1515825237.51090,0
1762257600000,104530.70,104800.00,102870.00,103157.70,45886.912,1762271999999,4768297333.94320,1462884,22027.612,2289891429.15900,0
1762272000000,103157.70,103474.10,99980.00,100507.00,81901.563,1762286399999,8308118306.73650,2324600,38474.458,3903270419.11810,0
1762286400000,100507.00,101859.50,98888.80,101450.30,60084.858,1762300799999,6032484770.98310,1646175,30211.351,3036086614.76520,0
