open_time,open,high,low,close,volume,close_time,quote_volume,count,taker_buy_volume,taker_buy_quote_volume,ignore
1773273600000,70150.00,70314.10,69180.00,69402.60,24677.582,1773287999999,1719139096.01800,632894,12657.244,881687000.28360,0
1773288000000,69402.60,69818.80,69150.00,69782.60,17621.830,1773302399999,1224306095.34110,431609,9346.682,649578883.74880,0
1773302400000,69782.70,70756.50,69540.90,70388.50,35040.695,1773316799999,2456836760.35920,797247,18042.334,1265234889.76620,0
1773316800000,70388.60,70625.00,69303.80,70282.90,60362.280,1773331199999,4226846849.67380,1615404,28760.277,2013908018.39240,0
1773331200000,70282.80,70530.00,69725.00,70393.70,33038.945,1773345599999,2318936930.02580,1073603,16538.948,1160783056.73350,0
1773345600000,70393.70,70727.90,69974.70,70480.10,15749.261,1773359999999,1107922242.80260,476895,8128.209,571877996.24800,0
