open_time,open,high,low,close,volume,close_time,quote_volume,count,taker_buy_volume,taker_buy_quote_volume,ignore
1768089600000,90469.70,90699.90,90410.60,90696.50,3298.738,1768103999999,298871379.80390,90756,1748.795,158436967.09180,0
1768104000000,90696.40,90818.00,90530.90,90664.00,3375.466,1768118399999,306136487.66380,82913,1509.379,136895141.68580,0
1768118400000,90663.90,90787.80,90555.00,90707.30,4860.961,1768132799999,440880074.45100,99654,2244.833,203591166.06890,0
1768132800000,90707.20,91143.10,90650.00,90834.10,11189.115,1768147199999,1016912031.45440,226206,5376.296,488638413.25200,0
1768147200000,90834.00,91252.50,90609.50,90644.70,7657.326,1768161599999,696368509.77240,205354,3944.737,358772040.03010,0
1768161600000,90644.70,91000.00,90175.30,90964.40,13162.776,1768175999999,1192421906.34230,333471,6469.325,586198600.96240,0
