open_time,open,high,low,close,volume,close_time,quote_volume,count,taker_buy_volume,taker_buy_quote_volume,ignore
1766534400000,87463.10,87849.90,86817.90,87311.40,15341.836,1766548799999,1339175935.97450,419059,7775.568,678847233.49870,0
1766548800000,87311.40,87430.00,86738.80,86868.10,11302.398,1766563199999,983633681.92590,288033,5373.404,467712473.43970,0
1766563200000,86868.10,87316.70,86671.70,87162.60,10537.249,1766577599999,916466389.23740,272278,5625.994,489403477.73780,0
1766577600000,87162.60,87450.00,86355.00,87012.00,23298.985,1766591999999,2025706277.76470,646129,11264.166,979648750.82630,0
1766592000000,87012.00,87660.00,86878.30,87521.40,13327.506,1766606399999,1164009362.88660,426318,6918.635,604263944.34220,0
1766606400000,87521.40,88033.30,87484.60,87627.30,7735.534,1766620799999,678561591.74880,213670,3850.200,337768909.64050,0
