open_time,open,high,low,close,volume,close_time,quote_volume,count,taker_buy_volume,taker_buy_quote_volume,ignore
1763510400000,92916.80,92944.80,91600.00,91842.20,24522.251,1763524799999,2262417937.71820,847333,11279.734,1040825361.10590,0
1763524800000,91842.10,91987.20,89966.00,91826.60,46058.357,1763539199999,4187577674.20540,1075434,22698.428,2064034960.93050,0
1763539200000,91826.60,91920.00,91038.90,91372.40,19679.241,1763553599999,1799889173.65310,587231,9450.485,864563565.18460,0
1763553600000,91372.30,92348.20,89822.00,89901.00,42278.255,1763567999999,3855898092.96620,1276983,20049.206,1829298807.04790,0
1763568000000,89901.00,90202.50,88600.00,88857.70,54170.658,1763582399999,4841809981.57300,1527787,26778.314,2393843319.73440,0
1763582400000,88857.80,91554.90,88564.40,91508.90,39729.688,1763596799999,3584053608.07940,1005714,21338.701,1925252966.79820,0
