open_time,open,high,low,close,volume,close_time,quote_volume,count,taker_buy_volume,taker_buy_quote_volume,ignore
1764979200000,89288.60,89758.00,88986.10,89636.50,10198.215,1764993599999,911433132.83750,299638,5506.121,492062909.11150,0
1764993600000,89636.50,89732.40,89410.80,89549.60,6055.827,1765007999999,542505033.38720,198517,2880.122,258027721.21200,0
1765008000000,89549.50,89679.00,89165.90,89585.40,8658.915,1765022399999,774471567.04220,242454,4048.820,362193769.82710,0
1765022400000,89585.40,90257.30,89424.20,89713.40,14787.600,1765036799999,1327941050.56880,343904,7496.729,673390257.87990,0
1765036800000,89713.30,89940.30,89203.00,89369.40,8623.445,1765051199999,772454321.68480,260800,3901.683,349559924.36670,0
1765051200000,89369.50,89578.30,88870.10,89197.10,8502.865,1765065599999,758368813.27400,246388,3933.724,350907834.04060,0
