open_time,open,high,low,close,volume,close_time,quote_volume,count,taker_buy_volume,taker_buy_quote_volume,ignore
1773532800000,71174.40,71599.90,70815.70,71314.80,17119.670,1773547199999,1219374326.42480,432872,8568.594,610400658.75790,0
1773547200000,71314.80,71750.00,71277.10,71420.80,16031.421,1773561599999,1146558258.11050,387626,8160.754,583680506.87120,0
1773561600000,71420.80,71897.90,71420.80,71800.00,14103.141,1773575999999,1011566223.08780,353881,7698.675,552206615.28810,0
1773576000000,71800.10,71800.10,71220.10,71444.40,19469.966,1773590399999,1391260096.04670,449194,9656.801,689994610.51490,0
1773590400000,71444.40,71971.80,71275.00,71515.20,17115.499,1773604799999,1224665571.43570,415048,9316.616,666883712.02260,0
1773604800000,71515.20,73199.90,71396.40,72778.90,42634.545,1773619199999,3087024897.89930,1006956,23527.920,1703718281.73080,0
