open_time,open,high,low,close,volume,close_time,quote_volume,count,taker_buy_volume,taker_buy_quote_volume,ignore
1755388800000,117329.80,117722.50,117121.60,117627.40,5731.934,1755403199999,672919860.31240,152772,2952.385,346630923.07230,0
1755403200000,117627.30,118187.00,117627.30,117949.90,9439.515,1755417599999,1113441843.68280,179658,5097.036,601190806.05020,0
1755417600000,117950.00,118435.00,117865.00,118253.90,9265.939,1755431999999,1095487890.80500,191703,4601.406,543995688.82350,0
1755432000000,118254.00,118558.00,118010.00,118191.00,7883.199,1755446399999,931905501.12070,172181,3692.380,436547314.78830,0
1755446400000,118191.00,118267.90,117245.00,117527.00,15033.475,1755460799999,1770004465.42690,273801,6225.537,732947582.62510,0
1755460800000,117527.00,117945.00,117322.20,117353.80,7032.742,1755475199999,827391521.67640,173638,3500.021,411810563.90080,0
