open_time,open,high,low,close,volume,close_time,quote_volume,count,taker_buy_volume,taker_buy_quote_volume,ignore
1769212800000,89558.70,89893.90,89383.50,89738.40,5898.549,1769227199999,528705423.01070,156051,3465.613,310664932.03750,0
1769227200000,89738.40,89820.10,89530.60,89581.20,4004.245,1769241599999,359121923.27590,112295,1965.712,176300241.60960,0
1769241600000,89581.30,89659.20,89539.50,89548.50,3259.833,1769255999999,292041128.13410,71687,1739.403,155826353.03730,0
1769256000000,89548.50,89554.90,89131.20,89235.00,8263.039,1769270399999,738442507.74710,156698,3584.946,320390562.16960,0
1769270400000,89234.90,89425.20,89116.90,89286.00,6341.109,1769284799999,566084320.00150,124596,2885.498,257595043.74030,0
1769284800000,89286.10,89444.40,89155.00,89180.70,2969.162,1769299199999,265167147.43980,83576,1335.346,119273748.81100,0
