open_time,open,high,low,close,volume,close_time,quote_volume,count,taker_buy_volume,taker_buy_quote_volume,ignore
1764892800000,92034.70,92665.50,91917.70,92104.90,10956.852,1764907199999,1011594438.76900,370564,5366.147,495461394.18860,0
1764907200000,92104.80,92455.40,91750.60,92227.50,12306.339,1764921599999,1133334129.24940,370736,6468.576,595769396.82320,0
1764921600000,92227.60,92227.60,90940.40,91307.90,21552.042,1764935999999,1969451470.89220,563096,10255.842,937124546.35990,0
1764936000000,91308.00,91445.20,89863.00,90414.00,55291.144,1764950399999,5014258116.80380,1238536,27329.085,2478800776.20840,0
1764950400000,90413.90,90460.00,87976.30,89590.50,66447.207,1764964799999,5915424735.70000,1585845,32445.392,2888897746.23090,0
1764964800000,89590.50,89706.00,88856.70,89288.50,12571.473,1764979199999,1122280997.63180,386527,6719.269,599872696.60210,0
