open_time,open,high,low,close,volume,close_time,quote_volume,count,taker_buy_volume,taker_buy_quote_volume,ignore
1764288000000,91292.20,91386.60,90612.20,91168.00,13757.156,1764302399999,1251117549.64370,383790,6721.542,611334185.83830,0
1764302400000,91168.00,91690.00,90824.10,90870.20,13510.903,1764316799999,1233609178.45220,325440,6560.078,599010664.36180,0
1764316800000,90870.20,92000.00,90863.60,91382.90,21589.404,1764331199999,1973893466.98960,538057,11154.394,1019948354.56520,0
1764331200000,91383.00,93080.00,91314.40,92299.90,48122.799,1764345599999,4438099591.01870,1025315,25094.970,2314860877.03720,0
1764345600000,92299.80,92323.60,90155.00,91106.10,41246.173,1764359999999,3751496859.90050,856478,20846.020,1895504705.17750,0
1764360000000,91106.00,91209.00,90657.60,90847.80,8693.912,1764374399999,790942439.58820,241213,4133.658,376117049.87460,0
