open_time,open,high,low,close,volume,close_time,quote_volume,count,taker_buy_volume,taker_buy_quote_volume,ignore
1762041600000,110047.30,110234.40,109836.70,110008.50,4533.290,1762055999999,498562244.74490,176576,2400.622,264025642.52870,0
1762056000000,110008.40,110988.00,109974.10,110844.10,12154.892,1762070399999,1342968944.52490,377442,6437.383,711264409.80390,0
1762070400000,110844.00,111193.50,110302.10,111145.40,12421.938,1762084799999,1375270866.88310,387382,5936.165,657388695.59360,0
1762084800000,111145.40,111216.00,110030.00,110066.10,13972.771,1762099199999,1544109267.96460,480935,6396.859,706852357.66210,0
1762099200000,110066.20,110286.20,109661.20,110125.20,9115.985,1762113599999,1002566732.62070,319927,3763.843,413996586.07300,0
1762113600000,110125.30,110700.00,109368.90,110494.90,8910.297,1762127999999,980609771.48930,327985,4392.719,483624796.92970,0
