open_time,open,high,low,close,volume,close_time,quote_volume,count,taker_buy_volume,taker_buy_quote_volume,ignore
1759104000000,112119.70,112269.30,111517.30,111817.90,18747.416,1759118399999,2097078676.43680,428600,8500.775,950816446.97410,0
1759118400000,111817.90,111860.00,111501.00,111814.70,12523.860,1759132799999,1398611278.07890,270868,6436.226,718759501.27160,0
1759132800000,111814.80,112381.30,111814.70,112052.00,15639.613,1759147199999,1752268785.60120,324125,7881.330,883068059.10160,0
1759147200000,112052.00,114188.00,111844.30,113752.00,48549.611,1759161599999,5498233554.51430,871600,25115.377,2843529977.15960,0
1759161600000,113752.00,114349.70,113404.50,114204.80,17519.655,1759175999999,1995750061.75810,414875,9362.970,1066699807.90310,0
1759176000000,114204.90,114377.20,113960.60,114257.10,12425.554,1759190399999,1418973946.85100,248724,5745.878,656200435.17330,0
