open_time,open,high,low,close,volume,close_time,quote_volume,count,taker_buy_volume,taker_buy_quote_volume,ignore
1765670400000,90191.30,90440.00,90071.60,90222.30,7086.650,1765684799999,639735774.52460,156614,3159.403,285212563.97490,0
1765684800000,90222.40,90300.00,90005.80,90205.10,3999.939,1765699199999,360516709.69580,115396,1797.225,161992596.93320,0
1765699200000,90205.10,90250.00,88412.80,89308.20,24641.953,1765713599999,2203682791.71170,492784,10623.054,950322821.26290,0
1765713600000,89308.30,89630.80,88831.70,88985.20,17265.699,1765727999999,1540198176.63980,477914,8586.028,766002384.00610,0
1765728000000,88985.20,89372.80,88432.00,88598.70,17696.731,1765742399999,1571305723.09640,480315,8862.088,787011051.91300,0
1765742400000,88598.70,88779.10,87504.30,88118.80,21395.682,1765756799999,1887033069.76180,605805,9692.466,855102655.39830,0
