open_time,open,high,low,close,volume,close_time,quote_volume,count,taker_buy_volume,taker_buy_quote_volume,ignore
1765843200000,86390.00,86478.60,85340.10,85837.70,16787.316,1765857599999,1441863436.90970,526105,8008.510,687975371.29300,0
1765857600000,85837.60,86577.00,85226.00,85964.80,17300.472,1765871999999,1488238553.00800,466432,8280.878,712493554.21750,0
1765872000000,85964.90,87299.70,85874.60,87216.60,18856.619,1765886399999,1635415439.24520,512743,9459.080,820471563.16460,0
1765886400000,87216.60,88143.90,86055.90,87936.30,54188.458,1765900799999,4722240544.28530,1566551,26829.832,2339052708.53240,0
1765900800000,87936.30,88012.50,87015.80,87538.70,26033.481,1765915199999,2279496360.44690,838632,13201.571,1155978038.83310,0
1765915200000,87538.70,87900.00,87297.90,87826.30,9058.702,1765929599999,794268709.90130,316969,4533.189,397467445.85110,0
