open_time,open,high,low,close,volume,close_time,quote_volume,count,taker_buy_volume,taker_buy_quote_volume,ignore
1766188800000,88100.00,88294.80,87926.70,88165.30,5637.357,1766203199999,496686777.89150,161858,2832.750,249598027.76490,0
1766203200000,88165.30,88551.80,88065.90,88239.90,6898.331,1766217599999,609064888.94870,175571,3498.955,308953563.89220,0
1766217600000,88240.00,88397.80,88063.80,88243.60,4869.385,1766231999999,429560292.49460,137992,2567.480,226503837.75870,0
1766232000000,88243.60,88320.00,87698.50,88134.60,11529.379,1766246399999,1015404208.34120,243019,5487.707,483398234.55010,0
1766246400000,88134.50,88407.70,88060.00,88196.30,3919.255,1766260799999,345703665.79460,106130,2244.751,198035498.82030,0
1766260800000,88196.40,88434.90,88111.10,88320.80,3120.141,1766275199999,275362944.76680,99301,1628.651,143739372.56500,0
