open_time,open,high,low,close,volume,close_time,quote_volume,count,taker_buy_volume,taker_buy_quote_volume,ignore
1761177600000,107532.10,108660.00,107462.90,108322.20,17160.974,1761191999999,1856080704.72860,538346,9079.872,982068718.46730,0
1761192000000,108322.20,110275.90,108290.30,109228.60,26449.996,1761206399999,2895470610.96100,713568,13077.084,1431505958.88660,0
1761206400000,109228.60,109867.70,109021.30,109218.50,14083.275,1761220799999,1540973118.59610,519507,6682.810,731272968.99180,0
1761220800000,109218.50,110088.00,108639.40,109849.00,30294.704,1761235199999,3311508837.28900,1088221,14591.068,1595448493.28130,0
1761235200000,109849.00,111240.00,109575.90,110137.80,26886.962,1761249599999,2969634176.21310,900370,13253.456,1464120835.98530,0
1761249600000,110137.90,110145.80,109260.00,110025.90,14764.806,1761263999999,1620723926.98620,445433,7093.967,778788804.43970,0
