open_time,open,high,low,close,volume,close_time,quote_volume,count,taker_buy_volume,taker_buy_quote_volume,ignore
1754092800000,113244.80,113873.70,113145.00,113859.90,11027.075,1754107199999,1252521524.85540,297713,5768.848,655257641.15360,0
1754107200000,113860.00,114000.00,113415.80,113919.90,11938.326,1754121599999,1358374604.33760,265122,5246.152,596884168.49110,0
1754121600000,113920.00,113988.00,113370.00,113732.50,10218.835,1754135999999,1161303291.41990,233222,4580.703,520609911.46500,0
1754136000000,113732.60,113740.50,112769.20,112798.60,18494.393,1754150399999,2093208279.79500,358947,7646.858,865635363.83040,0
1754150400000,112798.60,113388.90,111910.00,112175.50,36337.074,1754164799999,4091576544.75200,697149,16468.283,1854540856.41330,0
1754164800000,112175.50,113022.50,112007.90,112508.80,14443.745,1754179199999,1625343680.41570,400983,7458.380,839237103.16730,0
