open_time,open,high,low,close,volume,close_time,quote_volume,count,taker_buy_volume,taker_buy_quote_volume,ignore
1768262400000,91252.50,91524.50,91011.00,91380.90,11584.552,1768276799999,1057463098.85720,272456,6514.127,594657947.89860,0
1768276800000,91380.90,92258.00,91316.30,91908.00,20473.116,1768291199999,1881678731.15640,447352,10191.287,936570913.06980,0
1768291200000,91908.00,92676.60,91850.60,91962.10,23092.118,1768305599999,2129360935.96110,466385,11473.947,1058290507.38190,0
1768305600000,91962.10,93408.00,91700.60,93407.90,48588.204,1768319999999,4493366268.30950,1055431,24572.107,2273044750.81960,0
1768320000000,93407.90,94189.00,93009.80,94179.50,39149.646,1768334399999,3661932562.96150,921016,20146.770,1884860957.05240,0
1768334400000,94179.60,96863.70,94011.70,95375.20,57658.282,1768348799999,5478957617.43560,1155412,32797.197,3116892619.83680,0
