open_time,open,high,low,close,volume,close_time,quote_volume,count,taker_buy_volume,taker_buy_quote_volume,ignore
1765929600000,87826.30,87925.80,87104.20,87178.10,11671.628,1765943999999,1020951117.79020,354499,5438.088,475738815.15000,0
1765944000000,87178.20,87360.80,86158.40,87010.40,22749.284,1765958399999,1972826230.85530,560418,11343.187,983603999.18700,0
1765958400000,87010.40,87100.00,86201.00,86939.30,15486.489,1765972799999,1341030124.47040,423445,8048.090,696911775.90890,0
1765972800000,86939.20,90363.20,86768.80,87191.40,86140.012,1765987199999,7626770393.60510,2158075,43188.183,3824320152.96990,0
1765987200000,87191.00,87737.30,85261.30,85982.70,55699.358,1766001599999,4813445196.05790,1791991,28269.538,2443911541.87130,0
1766001600000,85982.70,86421.00,85630.00,86201.60,16899.977,1766015999999,1453442741.84240,493503,9404.396,808862922.30140,0
