open_time,open,high,low,close,volume,close_time,quote_volume,count,taker_buy_volume,taker_buy_quote_volume,ignore
1772150400000,67448.10,67670.00,66841.60,67557.40,22307.866,1772164799999,1499736387.62020,664330,10759.073,723398825.22100,0
1772164800000,67557.40,68188.80,67417.40,67644.10,22791.161,1772179199999,1543818107.73220,588467,11060.499,749346620.33130,0
1772179200000,67644.10,68127.80,65923.00,66094.10,50214.113,1772193599999,3358907827.17450,1117247,23351.902,1562261333.51980,0
1772193600000,66094.00,66320.00,65626.10,66072.60,53927.286,1772207999999,3558475326.62010,1340131,28164.005,1858688630.32380,0
1772208000000,66072.50,66095.20,65080.00,65365.40,37731.794,1772222399999,2472232092.82110,1140457,18408.057,1205921842.81170,0
1772222400000,65365.40,65921.70,64875.60,65836.00,18985.144,1772236799999,1243482692.01410,551757,9760.541,639721270.34680,0
