open_time,open,high,low,close,volume,close_time,quote_volume,count,taker_buy_volume,taker_buy_quote_volume,ignore
1758844800000,108934.60,109766.00,108750.00,109537.60,17356.486,1758859199999,1898282575.36380,492271,9104.604,995721775.32050,0
1758859200000,109537.50,109588.80,108841.00,109257.30,19163.400,1758873599999,2093105717.40990,453486,9361.244,1022332866.61710,0
1758873600000,109257.40,109653.60,108566.00,109082.90,18038.068,1758887999999,1968088336.00240,434970,8353.675,911423713.61550,0
1758888000000,109082.90,109742.30,108656.80,108976.00,28268.466,1758902399999,3087355937.45610,792689,14185.481,1549310632.78940,0
1758902400000,108976.00,110250.00,108953.70,109115.90,22207.427,1758916799999,2433812466.33910,533990,11191.317,1226582957.19780,0
1758916800000,109115.80,109641.60,109028.70,109588.50,7243.812,1758931199999,792056426.60780,197539,3959.578,432975683.35460,0
