open_time,open,high,low,close,volume,close_time,quote_volume,count,taker_buy_volume,taker_buy_quote_volume,ignore
1767312000000,88800.00,89088.00,88324.40,88899.30,19809.197,1767326399999,1758003738.47910,381283,9598.018,851937100.26020,0
1767326400000,88899.30,89055.00,88533.60,88829.30,12241.301,1767340799999,1087156534.93220,243681,5349.965,475104789.06230,0
1767340800000,88829.30,89900.00,88780.00,89458.30,27887.349,1767355199999,2494299404.08110,510813,13800.836,1234433460.82380,0
1767355200000,89458.30,90126.50,88401.20,89373.10,50647.142,1767369599999,4523268334.46440,1130397,25466.286,2274763146.27230,0
1767369600000,89373.00,90945.10,89145.20,89865.00,53631.695,1767383999999,4836160124.93470,1190457,26732.690,2411036074.31600,0
1767384000000,89865.00,90368.70,89588.00,89951.40,12445.764,1767398399999,1119548227.62170,305190,7109.075,639458245.39780,0
