open_time,open,high,low,close,volume,close_time,quote_volume,count,taker_buy_volume,taker_buy_quote_volume,ignore
1765065600000,89197.10,89704.50,89131.50,89675.60,5748.385,1765079999999,514155610.99790,205956,3321.237,297077366.58890,0
1765080000000,89675.70,89750.00,89155.00,89337.10,6553.596,1765094399999,586260017.50370,187613,2912.744,260574847.26190,0
1765094400000,89337.10,89494.40,89012.90,89109.40,7659.024,1765108799999,683266274.06230,226970,3787.264,337861528.34360,0
1765108800000,89109.30,89700.00,87688.00,89505.00,41325.561,1765123199999,3663920093.06550,938156,21195.998,1879566692.87500,0
1765123200000,89505.00,91722.00,89065.20,91379.70,36596.274,1765137599999,3315679848.59720,937919,19084.298,1729038455.71120,0
1765137600000,91379.80,91473.20,88890.00,90345.40,31709.165,1765151999999,2852441022.55010,842244,15798.519,1420664138.67330,0
