open_time,open,high,low,close,volume,close_time,quote_volume,count,taker_buy_volume,taker_buy_quote_volume,ignore
1768176000000,90964.40,92488.00,90642.00,91766.20,34613.115,1768190399999,3174569990.80430,887156,16894.514,1549013719.96480,0
1768190400000,91766.20,92245.10,91342.00,91369.20,14891.693,1768204799999,1367641584.04620,356343,6920.099,635421448.96570,0
1768204800000,91369.20,91586.50,90319.40,90573.90,30364.738,1768219199999,2755419106.57130,572922,15668.562,1421565791.49600,0
1768219200000,90573.90,91637.80,90066.00,91618.70,33382.596,1768233599999,3033313347.51980,759631,16169.852,1469462705.98890,0
1768233600000,91618.60,92299.00,90966.00,91821.90,43461.407,1768247999999,3986035514.35680,888209,20720.498,1900129094.42780,0
1768248000000,91821.90,92017.00,90870.00,91252.60,12523.834,1768262399999,1143807782.76870,317119,6538.579,597259394.58250,0
