open_time,open,high,low,close,volume,close_time,quote_volume,count,taker_buy_volume,taker_buy_quote_volume,ignore
1766707200000,87182.80,89432.00,86824.80,88796.20,38115.137,1766721599999,3372409354.97360,1006730,19339.710,1710161178.83650,0
1766721600000,88796.20,89557.60,88300.50,88433.00,21937.337,1766735999999,1950545124.98350,475162,10891.508,968822893.01290,0
1766736000000,88433.00,88888.00,88380.00,88507.50,11419.104,1766750399999,1012496490.89610,302602,6251.390,554318682.96610,0
1766750400000,88507.60,89037.00,86619.90,87100.00,51437.502,1766764799999,4507300378.86440,1093610,27011.264,2366044892.81590,0
1766764800000,87100.00,87555.00,86760.40,87453.70,19187.707,1766779199999,1672946980.61970,515774,9409.182,820487788.93370,0
1766779200000,87453.70,87750.00,87266.60,87318.20,7874.950,1766793599999,689033979.76070,213089,3288.887,287801055.81460,0
