open_time,open,high,low,close,volume,close_time,quote_volume,count,taker_buy_volume,taker_buy_quote_volume,ignore
1759708800000,123426.70,124336.30,123018.50,123792.90,24935.811,1759723199999,3085475729.34840,703181,12362.843,1529954277.88370,0
1759723200000,123792.80,124137.70,123217.90,123332.30,14538.648,1759737599999,1797380187.62310,425917,6607.869,817041049.85650,0
1759737600000,123332.40,124500.00,123332.30,124161.20,14441.381,1759751999999,1790193070.29350,398952,7606.798,943014120.87720,0
1759752000000,124161.30,125375.00,124123.30,124946.20,37455.595,1759766399999,4673438935.16340,981202,17868.054,2229572989.96460,0
1759766400000,124946.20,126208.50,124742.50,125357.30,33248.277,1759780799999,4171901425.44480,754160,17755.855,2228349268.07820,0
1759780800000,125357.30,125500.00,124463.00,124628.50,15581.617,1759795199999,1946825787.13070,370291,7131.973,891154008.37730,0
