open_time,open,high,low,close,volume,close_time,quote_volume,count,taker_buy_volume,taker_buy_quote_volume,ignore
1770422400000,70544.50,70899.50,69674.50,70887.10,31855.755,1770436799999,2237671558.15190,1180498,15930.958,1119236047.07420,0
1770436800000,70887.20,71690.00,67250.00,68050.50,88703.150,1770451199999,6134186834.62350,2464884,40102.586,2771396633.62020,0
1770451200000,68050.50,68797.80,67550.20,67935.10,39834.145,1770465599999,2715182837.98240,1336595,21573.125,1471093528.86520,0
1770465600000,67935.00,70000.00,67870.20,69122.10,59726.379,1770479999999,4125810566.19200,1934729,31010.192,2142963943.08950,0
1770480000000,69122.10,69887.70,68478.10,69341.40,34087.255,1770494399999,2361083292.92490,1324476,17161.535,1189144316.25430,0
1770494400000,69341.30,69688.20,68734.60,69254.20,12456.967,1770508799999,862924242.12310,543063,6007.144,416248122.77670,0
