open_time,open,high,low,close,volume,close_time,quote_volume,count,taker_buy_volume,taker_buy_quote_volume,ignore
1769126400000,89518.40,89948.90,89400.00,89886.10,7103.310,1769140799999,637240631.47260,235334,3438.885,308512705.61020,0
1769140800000,89886.20,90050.00,89358.00,89497.20,10350.649,1769155199999,928034065.73430,327336,4996.088,447946163.04500,0
1769155200000,89497.30,89590.90,88823.30,89171.20,14039.112,1769169599999,1251409978.27440,407683,7160.856,638269676.49350,0
1769169600000,89171.30,89847.20,88530.00,89711.20,27156.810,1769183999999,2421263083.52320,759692,13683.471,1220200767.29250,0
1769184000000,89711.20,91195.00,89438.00,89938.30,53329.738,1769198399999,4816955196.06090,1179653,26129.183,2360600524.76890,0
1769198400000,89938.30,90124.10,89163.60,89558.70,12846.231,1769212799999,1150208479.11900,407169,6371.412,570535530.00520,0
