open_time,open,high,low,close,volume,close_time,quote_volume,count,taker_buy_volume,taker_buy_quote_volume,ignore
1763683200000,86601.40,87465.40,85288.00,85782.50,45579.338,1763697599999,3934311567.14530,1440835,19712.379,1702558969.00840,0
1763697600000,85782.40,86313.20,81111.00,84006.70,78365.775,1763711999999,6611787304.59970,1778896,33793.674,2853681922.95560,0
1763712000000,84006.70,84667.10,81601.70,82279.10,84124.192,1763726399999,6976797485.57520,2269804,39932.056,3311647079.40880,0
1763726400000,82279.20,85449.20,80600.00,82905.10,129537.870,1763740799999,10789205509.76160,3422308,64058.245,5339630344.08180,0
1763740800000,82905.00,85548.40,82300.00,84167.20,80734.325,1763755199999,6794365243.61990,2199292,40107.525,3375629811.40670,0
1763755200000,84167.10,85374.50,83418.40,85093.50,31462.824,1763769599999,2659737424.50470,995190,16311.808,1379031926.15590,0
