open_time,open,high,low,close,volume,close_time,quote_volume,count,taker_buy_volume,taker_buy_quote_volume,ignore
1763251200000,95560.40,95946.40,94800.00,95782.00,12634.047,1763265599999,1205155421.00250,541006,6617.022,631397677.39110,0
1763265600000,95782.00,96170.60,95602.00,96064.80,8616.379,1763279999999,826244663.15520,297350,4468.031,428496204.09480,0
1763280000000,96064.80,96600.00,95443.60,95588.00,16713.435,1763294399999,1604705851.10010,529498,8064.184,774384067.46340,0
1763294400000,95588.00,95870.00,94300.00,94531.30,18869.751,1763308799999,1797066884.75820,642998,8345.741,795343231.83900,0
1763308800000,94531.20,95544.80,93677.40,93994.50,44324.084,1763323199999,4183158298.24610,1407943,20765.933,1960339721.95830,0
1763323200000,93994.50,94700.00,92922.80,94221.70,34591.813,1763337599999,3242493493.64360,1184853,16889.569,1583781493.73400,0
