open_time,open,high,low,close,volume,close_time,quote_volume,count,taker_buy_volume,taker_buy_quote_volume,ignore
1764028800000,88247.10,88247.10,87378.80,87775.10,19713.977,1764043199999,1731841753.18820,545443,9608.940,844219599.18540,0
1764043200000,87775.00,88477.60,87240.00,87362.20,17064.891,1764057599999,1499934160.05680,443156,8723.318,767088109.07710,0
1764057600000,87362.20,87585.70,86628.40,87311.90,23787.173,1764071999999,2072000404.47700,579621,10618.141,925046625.61500,0
1764072000000,87312.00,87732.70,86061.10,86946.50,39724.105,1764086399999,3451871006.49310,1051487,18508.913,1608272838.34810,0
1764086400000,86946.60,88115.00,86132.70,86835.00,30082.125,1764100799999,2621992184.64000,797027,15594.614,1359579369.33380,0
1764100800000,86835.10,87869.40,86542.00,87324.10,19265.384,1764115199999,1680480430.02580,518172,9671.014,843760704.47750,0
