open_time,open,high,low,close,volume,close_time,quote_volume,count,taker_buy_volume,taker_buy_quote_volume,ignore
1758240000000,117017.10,117406.80,116800.00,116914.20,10269.210,1758254399999,1202646469.75700,287663,4987.365,584053023.54270,0
1758254400000,116914.10,117049.90,116567.30,116850.10,12862.505,1758268799999,1502083085.90380,283053,6138.285,716856118.09590,0
1758268800000,116850.00,117050.60,116250.70,116343.10,13997.595,1758283199999,1631542818.14410,248973,6043.169,704426171.84550,0
1758283200000,116343.30,116488.00,115408.40,115826.90,27296.129,1758297599999,3165185677.88920,538277,13080.966,1517025423.41820,0
1758297600000,115826.90,116093.00,115057.00,115082.40,16518.271,1758311999999,1908664368.73060,316265,7809.154,902669385.48080,0
1758312000000,115082.40,115600.00,115049.90,115569.50,7207.939,1758326399999,831594616.46880,171732,3846.908,443784892.31670,0
