open_time,open,high,low,close,volume,close_time,quote_volume,count,taker_buy_volume,taker_buy_quote_volume,ignore
1771718400000,67933.20,68198.50,67763.70,68010.50,12501.071,1771732799999,849455284.41420,300185,5982.930,406586677.48100,0
1771732800000,68010.50,68204.30,67850.40,67973.00,8942.586,1771747199999,608166481.49580,178383,4296.824,292263714.34550,0
1771747200000,67973.00,68220.00,67877.00,68183.40,9086.000,1771761599999,618212787.83050,178288,4669.419,317764926.31480,0
1771761600000,68183.40,68205.10,67275.00,67659.90,31174.344,1771775999999,2108971553.14840,609059,15511.892,1049266789.67100,0
1771776000000,67660.00,67712.00,67150.00,67402.20,12981.135,1771790399999,874936404.61050,325067,6583.825,443696262.96860,0
1771790400000,67402.10,67728.00,67324.10,67613.50,9658.286,1771804799999,652170780.89320,272724,5503.971,371641213.39250,0
