open_time,open,high,low,close,volume,close_time,quote_volume,count,taker_buy_volume,taker_buy_quote_volume,ignore
1756684800000,108208.40,108447.60,107355.00,107619.10,25068.790,1756699199999,2703200654.09000,602788,12647.738,1363733262.30060,0
1756699200000,107619.10,109390.30,107211.50,109390.30,26104.798,1756713599999,2823729114.58130,542717,13933.928,1507888871.07550,0
1756713600000,109390.20,109874.80,108131.60,108721.90,33039.009,1756727999999,3605692807.27440,639668,15329.792,1672477098.78600,0
1756728000000,108721.80,109479.20,108515.80,108738.00,21788.115,1756742399999,2375010695.23420,522540,10186.134,1110474235.33650,0
1756742400000,108737.90,109298.60,108350.00,109178.70,12872.734,1756756799999,1401152186.59910,335988,6460.767,703279727.40540,0
1756756800000,109178.70,109410.50,107400.00,109187.90,31407.180,1756771199999,3402259690.10920,625602,15998.729,1733220201.58800,0
