open_time,open,high,low,close,volume,close_time,quote_volume,count,taker_buy_volume,taker_buy_quote_volume,ignore
1769817600000,84211.40,84239.50,83775.50,83987.50,9341.051,1769831999999,785041971.60580,279276,4321.598,363194856.21910,0
1769832000000,83987.50,84110.00,83368.00,83514.40,10028.444,1769846399999,839564583.38850,261843,4516.347,378115969.62580,0
1769846400000,83514.30,83598.00,82530.20,82983.20,23221.921,1769860799999,1928017691.34350,638826,10871.741,902483600.21180,0
1769860800000,82983.20,83115.30,80754.30,81268.60,51733.360,1769875199999,4224962130.06010,1440000,25081.513,2048311354.38090,0
1769875200000,81268.60,82200.00,75500.00,77707.90,140211.477,1769889599999,11058247983.60120,3475936,60660.376,4791932755.31710,0
1769889600000,77707.90,79200.00,77037.80,78706.80,37012.258,1769903999999,2889481105.78310,1343098,20225.561,1579454192.30740,0
