open_time,open,high,low,close,volume,close_time,quote_volume,count,taker_buy_volume,taker_buy_quote_volume,ignore
1761004800000,110469.90,110486.30,109005.00,109005.00,17977.098,1761019199999,1972416534.49660,581737,8113.763,890283882.05590,0
1761019200000,109005.10,109005.10,107400.00,108020.00,34541.006,1761033599999,3729002440.17480,1007491,17430.198,1881450448.05590,0
1761033600000,108019.90,108772.40,107432.80,108519.40,20402.173,1761047999999,2204213780.91380,575843,11151.814,1204810884.84900,0
1761048000000,108519.40,113480.00,107677.00,113355.20,76932.616,1761062399999,8520123749.92870,2099137,38855.741,4303156639.50060,0
1761062400000,113355.20,113940.00,111255.90,111720.70,51739.148,1761076799999,5824641946.67140,1447334,24802.310,2791749251.53860,0
1761076800000,111720.70,111747.70,108000.00,108253.70,39535.385,1761091199999,4337701678.27990,1188122,17965.813,1970230782.79290,0
