open_time,open,high,low,close,volume,close_time,quote_volume,count,taker_buy_volume,taker_buy_quote_volume,ignore
1776729600000,75790.10,76232.30,75433.10,75669.10,13838.396,1776743999999,1048685903.96070,463247,6909.399,523662830.65560,0
1776744000000,75669.10,76276.60,75558.80,76050.00,14272.520,1776758399999,1083421661.82060,426574,7671.593,582420174.24160,0
1776758400000,76050.00,76999.00,76025.00,76408.30,27821.111,1776772799999,2127850999.36380,733142,14878.844,1138245371.71770,0
1776772800000,76408.30,76574.30,75355.20,75799.90,48277.160,1776787199999,3667435786.44960,1239476,22700.626,1724513269.83790,0
1776787200000,75800.00,76155.00,74777.90,74988.60,38568.672,1776801599999,2909957179.94030,1095758,18777.120,1416937736.68410,0
1776801600000,74988.70,76396.20,74942.20,76288.20,21983.128,1776815999999,1663065282.16880,578647,11818.320,894306100.70590,0
