open_time,open,high,low,close,volume,close_time,quote_volume,count,taker_buy_volume,taker_buy_quote_volume,ignore
1767571200000,91497.20,93382.50,91476.50,92835.20,51047.503,1767585599999,4726270146.68170,1000323,28014.615,2593779829.27680,0
1767585600000,92835.30,92920.00,92102.00,92492.10,20234.161,1767599999999,1871439379.60190,394196,8654.361,800371181.93260,0
1767600000000,92492.10,93131.80,92292.00,93093.30,20213.743,1767614399999,1875325432.48630,378193,11071.049,1027104759.64600,0
1767614400000,93093.30,93998.90,92370.90,93899.90,43133.117,1767628799999,4020490063.74980,1018489,21450.733,1999668018.84830,0
1767628800000,93900.00,94475.70,93201.00,94248.60,35514.604,1767643199999,3336884745.06690,808643,17910.039,1683098775.97870,0
1767643200000,94248.60,94760.30,93757.90,93822.40,19273.184,1767657599999,1815761516.15390,467417,9958.668,938558960.12150,0
