open_time,open,high,low,close,volume,close_time,quote_volume,count,taker_buy_volume,taker_buy_quote_volume,ignore
1755475200000,117353.90,117499.40,114950.30,115264.90,46974.544,1755489599999,5452563315.57510,884815,19536.579,2267424249.79190,0
1755489600000,115264.80,115684.50,114815.20,115153.20,22828.276,1755503999999,2631300775.95350,498432,10951.368,1262439596.83000,0
1755504000000,115153.20,115342.50,114605.00,114900.00,17981.665,1755518399999,2067241622.60820,397364,8592.905,987926948.75020,0
1755518400000,114900.10,116137.80,114769.20,116099.40,28586.539,1755532799999,3299067595.47050,598160,15240.836,1759245556.75100,0
1755532800000,116099.40,116761.00,115773.30,116273.40,19769.430,1755547199999,2298782576.38980,439401,9645.041,1121658099.60420,0
1755547200000,116273.40,116938.70,115929.90,116183.60,11079.325,1755561599999,1290202184.23170,259993,5122.257,596604854.49110,0
