open_time,open,high,low,close,volume,close_time,quote_volume,count,taker_buy_volume,taker_buy_quote_volume,ignore
1770336000000,62868.10,65969.50,59800.00,64138.10,176970.308,1770350399999,11166669878.23920,4606830,86286.108,5451597586.05670,0
1770350400000,64138.10,66783.00,63924.70,64811.20,70097.968,1770364799999,4584945494.30200,2119316,35436.355,2317232757.99050,0
1770364800000,64811.20,66773.40,64438.90,66586.10,54110.748,1770379199999,3549462510.35810,1534235,27149.604,1782405424.37510,0
1770379200000,66586.10,69157.90,66072.00,68577.50,105687.051,1770393599999,7146913975.77710,3208450,55108.975,3727347828.29600,0
1770393600000,68577.50,71451.60,68348.00,70675.50,107975.296,1770407999999,7565178421.84070,3297574,56525.372,3961709733.54080,0
1770408000000,70675.50,71714.40,69764.70,70544.50,44341.398,1770422399999,3133984395.44910,1566499,22967.557,1623655821.92710,0
