open_time,open,high,low,close,volume,close_time,quote_volume,count,taker_buy_volume,taker_buy_quote_volume,ignore
1769040000000,89411.40,90327.70,89411.30,89857.00,13517.244,1769054399999,1215442330.85520,437639,7175.486,645242107.18410,0
1769054400000,89856.90,90170.10,89750.00,89772.60,8495.666,1769068799999,764352062.93620,248941,4109.746,369741033.92230,0
1769068800000,89772.60,90123.00,89701.90,89909.60,9239.677,1769083199999,831054012.82370,264135,4406.030,396334545.72650,0
1769083200000,89909.70,90309.50,88465.60,88953.60,42054.956,1769097599999,3756463766.76450,1086458,21049.844,1880741752.92220,0
1769097600000,88953.70,89882.10,88630.20,89732.90,22922.654,1769111999999,2045822811.09560,807834,11119.403,992473552.30620,0
1769112000000,89732.80,89908.50,89095.50,89518.50,9684.024,1769126399999,866183955.75560,343233,4622.098,413382278.70690,0
