open_time,open,high,low,close,volume,close_time,quote_volume,count,taker_buy_volume,taker_buy_quote_volume,ignore
1762300800000,101450.20,102222.00,98909.70,102094.80,55517.144,1762315199999,5595947232.03230,1812887,28279.733,2849993770.98950,0
1762315200000,102094.80,102326.40,101433.30,101946.10,20988.348,1762329599999,2137890423.81600,805479,9623.065,980570661.25830,0
1762329600000,101946.20,102174.90,101131.00,102019.40,20735.516,1762343999999,2107659780.09100,794249,10917.560,1109875753.47880,0
1762344000000,102019.30,103750.00,101867.80,103668.30,35318.597,1762358399999,3631556221.41790,1316018,19055.850,1959609403.84390,0
1762358400000,103668.20,104496.60,102972.80,103950.00,22268.689,1762372799999,2311650474.81080,859087,10887.374,1130507575.02790,0
1762372800000,103950.00,104497.60,103240.50,103837.00,12941.800,1762387199999,1343013694.77130,498302,6505.690,675272072.85410,0
