open_time,open,high,low,close,volume,close_time,quote_volume,count,taker_buy_volume,taker_buy_quote_volume,ignore
1772755200000,70854.80,71387.50,70339.60,71045.40,23279.920,1772769599999,1652070151.81080,683888,11656.322,827340528.92320,0
1772769600000,71045.40,71168.00,70100.00,71026.70,29611.984,1772783999999,2089350172.68270,754860,14688.175,1036572359.87060,0
1772784000000,71026.70,71035.30,70164.90,70185.60,25068.966,1772798399999,1769123008.58860,667782,11807.831,833234269.93280,0
1772798400000,70185.60,70328.50,68121.60,68468.40,84732.612,1772812799999,5862014638.77030,1931759,39883.294,2758775910.34110,0
1772812800000,68468.30,68759.50,67712.30,68101.00,34900.467,1772827199999,2380981735.20960,1049134,16783.171,1145220047.32200,0
1772827200000,68100.90,68406.60,67731.00,68083.00,15788.754,1772841599999,1075234309.91340,451333,8051.259,548412783.27340,0
