open_time,open,high,low,close,volume,close_time,quote_volume,count,taker_buy_volume,taker_buy_quote_volume,ignore
1772496000000,68801.80,69221.60,68142.10,68349.30,24654.008,1772510399999,1691967427.84260,781711,12561.139,862272571.54960,0
1772510400000,68349.40,68561.90,67759.60,68138.30,25184.326,1772524799999,1714620805.93540,693806,12914.720,879472834.48640,0
1772524800000,68138.20,68281.60,66270.70,67000.00,57583.252,1772539199999,3857651919.67470,1290790,28653.596,1919156347.55450,0
1772539200000,67000.00,68000.00,66080.00,67692.50,67933.027,1772553599999,4557355175.40670,1919603,33424.902,2243204463.63180,0
1772553600000,67692.50,68972.90,67440.00,68395.90,61502.223,1772567999999,4198444516.63190,1880655,31871.127,2175704263.96530,0
1772568000000,68395.90,68821.50,67778.40,68295.30,20613.064,1772582399999,1407031550.63700,689519,10257.756,700258002.82570,0
