open_time,open,high,low,close,volume,close_time,quote_volume,count,taker_buy_volume,taker_buy_quote_volume,ignore
1753315200000,118713.40,119265.40,118425.30,118451.50,19395.181,1753329599999,2306046240.55260,337604,9444.039,1122932053.04260,0
1753329600000,118451.60,118542.50,117050.20,118368.00,33247.023,1753343999999,3915068911.47270,569357,15195.580,1789792483.57640,0
1753344000000,118368.10,118789.30,117923.00,118558.00,21819.142,1753358399999,2585115019.37210,404308,11395.602,1350230187.08680,0
1753358400000,118558.00,119469.90,117773.10,119074.10,34069.135,1753372799999,4042682053.20740,620900,17278.742,2050858716.82660,0
1753372800000,119074.10,119376.90,118306.00,118902.00,19232.517,1753387199999,2287424261.79390,404847,9411.778,1119519124.75420,0
1753387200000,118902.00,118953.90,118112.00,118294.30,9614.615,1753401599999,1139082779.54820,229914,4769.057,564978875.06780,0
