open_time,open,high,low,close,volume,close_time,quote_volume,count,taker_buy_volume,taker_buy_quote_volume,ignore
1766016000000,86201.60,86836.20,85820.60,86575.10,16118.556,1766030399999,1391939513.97720,491529,8018.779,692546230.40050,0
1766030400000,86575.10,86859.10,86323.70,86787.50,11560.136,1766044799999,1001534563.96380,334203,5434.698,470878646.57870,0
1766044800000,86787.50,87417.60,86640.50,87268.10,14444.149,1766059199999,1258021320.28910,404041,7347.416,639924537.16080,0
1766059200000,87257.00,89447.90,87068.00,88480.80,75762.851,1766073599999,6697663174.63940,2005913,38984.788,3446477598.82650,0
1766073600000,88480.70,88500.00,84429.90,84447.00,83673.674,1766087999999,7209058614.42500,2016719,40104.380,3455776983.11220,0
1766088000000,84447.00,85800.00,84408.60,85469.70,28014.313,1766102399999,2385865797.10230,834396,14837.942,1264019753.21980,0
