open_time,open,high,low,close,volume,close_time,quote_volume,count,taker_buy_volume,taker_buy_quote_volume,ignore
1763164800000,94544.90,96800.00,94523.90,96388.50,27406.464,1763179199999,2623238815.08410,988257,16511.255,1580477087.63150,0
1763179200000,96388.50,96543.80,95900.10,96289.40,13884.426,1763193599999,1335044005.14400,474795,6963.571,669644938.23270,0
1763193600000,96289.30,96310.40,95587.30,95657.30,12856.230,1763207999999,1232679708.15650,515752,6154.915,590192764.43860,0
1763208000000,95657.30,96439.60,95534.10,96222.10,13204.020,1763222399999,1268462041.56140,514123,6501.441,624561192.83430,0
1763222400000,96222.10,96362.50,95677.70,95967.70,11960.891,1763236799999,1148123545.14520,422507,5571.201,534784427.30260,0
1763236800000,95967.70,95979.10,95072.10,95560.30,10908.288,1763251199999,1041291577.34630,375857,5500.864,525112190.49330,0
