open_time,open,high,low,close,volume,close_time,quote_volume,count,taker_buy_volume,taker_buy_quote_volume,ignore
1757721600000,115978.40,116245.40,115500.10,115913.60,10867.694,1757735999999,1259713266.93630,235585,5048.813,585368835.19540,0
1757736000000,115913.60,115913.60,115594.90,115715.50,6578.872,1757750399999,761249966.09550,149774,3176.064,367520773.51040,0
1757750400000,115715.50,116126.00,115715.50,115912.90,6897.627,1757764799999,799480177.67230,156142,3571.481,413929300.79760,0
1757764800000,115913.00,116013.70,115546.10,115721.30,9103.390,1757779199999,1053751360.74230,231902,4415.325,511122826.57280,0
1757779200000,115721.40,115780.30,115032.00,115751.40,15004.094,1757793599999,1731536424.73540,307843,7203.804,831440626.56220,0
1757793600000,115751.40,115946.40,115745.60,115862.70,4077.913,1757807999999,472462216.21880,117359,1842.655,213488725.48720,0
