open_time,open,high,low,close,volume,close_time,quote_volume,count,taker_buy_volume,taker_buy_quote_volume,ignore
1759536000000,122182.60,122301.90,121636.40,122197.20,16539.763,1759550399999,2016643549.95870,357209,8379.253,1021690086.11360,0
1759550400000,122197.30,122781.10,122168.40,122271.30,13166.182,1759564799999,1611916548.39400,276945,6392.870,782672729.20570,0
1759564800000,122271.40,122497.40,121908.30,121924.60,8147.412,1759579199999,995699172.79430,208417,3958.325,483800018.76850,0
1759579200000,121924.60,122480.90,121638.50,121744.80,13471.868,1759593599999,1643914967.96640,328054,6822.838,832660266.55870,0
1759593600000,121744.80,121920.00,121432.00,121919.00,12409.999,1759607999999,1510085851.98340,285059,5295.296,644405919.73610,0
1759608000000,121918.90,122374.80,121813.40,122343.20,6743.986,1759622399999,823702961.06850,159319,3626.657,442966387.24780,0
