open_time,open,high,low,close,volume,close_time,quote_volume,count,taker_buy_volume,taker_buy_quote_volume,ignore
1773187200000,69901.80,70139.60,69455.60,69517.00,19934.411,1773201599999,1392013849.87820,596858,9544.064,666588926.13720,0
1773201600000,69517.00,70249.10,69329.70,69622.10,22428.745,1773215999999,1564325300.74800,598100,11847.764,826479981.92390,0
1773216000000,69622.20,69750.00,69098.00,69144.00,19591.571,1773230399999,1361215607.47060,532736,9256.914,643334832.26310,0
1773230400000,69144.00,71060.70,68932.90,70186.90,81262.520,1773244799999,5698970663.33080,1889102,41893.304,2937996911.33960,0
1773244800000,70187.00,71286.00,70093.20,70600.80,37304.834,1773259199999,2637248170.59650,1096461,19334.100,1367016803.30410,0
1773259200000,70600.70,70931.90,70078.60,70150.00,15105.875,1773273599999,1064088340.25230,440712,7976.841,561955026.14830,0
