open_time,open,high,low,close,volume,close_time,quote_volume,count,taker_buy_volume,taker_buy_quote_volume,ignore
1774396800000,70524.00,71028.00,70375.00,70689.30,20167.741,1774411199999,1425404472.15840,562978,10215.801,722195092.95070,0
1774411200000,70689.20,71319.90,70659.90,70900.00,20176.191,1774425599999,1433414877.42670,473899,9847.121,699621219.73770,0
1774425600000,70899.90,71999.90,70752.50,71650.30,31609.885,1774439999999,2258711402.38200,721505,17441.388,1246505884.65640,0
1774440000000,71650.30,71933.30,70531.40,70792.40,50063.907,1774454399999,3568829514.10640,1313403,24791.403,1767406102.08430,0
1774454400000,70792.40,71742.20,70623.40,70853.20,30523.044,1774468799999,2169494278.32640,828418,16001.091,1137389236.31040,0
1774468800000,70853.30,71606.00,70603.00,71297.50,13975.081,1774483199999,993364299.14440,375948,7269.679,516800875.67600,0
