open_time,open,high,low,close,volume,close_time,quote_volume,count,taker_buy_volume,taker_buy_quote_volume,ignore
1764720000000,91249.10,93068.90,90954.80,92589.20,30608.344,1764734399999,2822204248.24570,922504,17309.353,1596207451.46000,0
1764734400000,92589.20,93932.70,92578.00,92969.90,37966.712,1764748799999,3541426292.07410,960594,18839.184,1757479735.26430,0
1764748800000,92970.00,93338.40,92602.80,92957.70,21367.918,1764763199999,1985409068.88050,591344,10475.934,973545261.40450,0
1764763200000,92957.60,93653.60,91637.40,92332.90,58413.578,1764777599999,5404029954.32360,1454269,27196.399,2517353083.04990,0
1764777600000,92333.00,93471.10,91733.20,92995.80,30690.222,1764791999999,2842865591.93620,870872,16478.413,1526898136.08250,0
1764792000000,92995.80,94185.00,92784.30,93376.70,22251.543,1764806399999,2079879888.84430,635355,11429.391,1068552955.78460,0
