open_time,open,high,low,close,volume,close_time,quote_volume,count,taker_buy_volume,taker_buy_quote_volume,ignore
1770681600000,70110.60,70499.90,69155.80,69473.30,22533.107,1770695999999,1574733417.26280,805650,10740.368,750822323.61530,0
1770696000000,69473.20,69886.10,68633.30,68882.10,26911.354,1770710399999,1863345520.62220,870568,12545.782,869110308.14320,0
1770710400000,68882.20,69376.30,68406.40,68489.90,24790.436,1770724799999,1708663754.62980,708871,12285.231,847163059.95510,0
1770724800000,68489.90,69554.70,67883.00,69251.50,61160.036,1770739199999,4204266476.21510,1895505,30614.750,2104952370.02500,0
1770739200000,69251.40,69957.90,68555.60,69031.40,34739.185,1770753599999,2407369481.21130,1365477,17534.610,1215186538.54190,0
1770753600000,69031.30,69116.90,68322.10,68805.30,13738.491,1770767999999,943651439.19480,589510,6788.779,466341489.91910,0
