open_time,open,high,low,close,volume,close_time,quote_volume,count,taker_buy_volume,taker_buy_quote_volume,ignore
1773446400000,70895.50,71141.70,70436.20,71034.30,17911.298,1773460799999,1267721323.80340,419726,9476.230,670839463.22060,0
1773460800000,71034.30,71272.30,70256.00,70565.60,20769.739,1773475199999,1469361281.88130,461524,9460.137,669414815.98630,0
1773475200000,70565.60,70745.10,70350.00,70705.00,11804.118,1773489599999,832839298.82550,295274,5840.038,412094361.55750,0
1773489600000,70705.00,70914.60,70444.10,70554.60,12725.591,1773503999999,899656276.05090,309252,6283.758,444298970.70060,0
1773504000000,70554.70,70707.90,70455.60,70664.10,5710.845,1773518399999,403185541.30170,161971,2896.537,204505832.22830,0
1773518400000,70664.10,71221.90,70607.70,71174.40,10361.423,1773532799999,734676833.57200,238716,5767.254,409023436.10630,0
