open_time,open,high,low,close,volume,close_time,quote_volume,count,taker_buy_volume,taker_buy_quote_volume,ignore
1773705600000,74846.40,75998.90,74231.60,74424.90,58475.828,1773719999999,4395221943.11790,1466906,30613.178,2301584752.81690,0
1773720000000,74424.90,74652.20,73723.40,74212.70,34915.028,1773734399999,2589705814.72590,803656,17065.084,1265982060.76070,0
1773734400000,74212.80,74418.50,73512.00,73997.10,29483.915,1773748799999,2179618903.99850,670302,14894.626,1101264071.14270,0
1773748800000,73997.10,74856.20,73330.30,73878.50,51694.124,1773763199999,3823188884.17810,1340762,27050.600,2000886785.61500,0
1773763200000,73878.50,74763.60,73826.80,74460.80,27312.217,1773777599999,2031342004.84760,755154,14381.666,1069453893.00290,0
1773777600000,74460.80,74777.00,73829.50,73872.40,16397.861,1773791999999,1218831021.69870,443098,8052.912,598664742.56980,0
