open_time,open,high,low,close,volume,close_time,quote_volume,count,taker_buy_volume,taker_buy_quote_volume,ignore
1771459200000,66422.80,66975.00,66301.80,66950.40,11949.431,1771473599999,796897405.12860,407416,6384.632,425762871.02180,0
1771473600000,66950.40,67299.40,66651.80,67180.40,12987.831,1771487999999,870027680.13880,407686,6662.391,446369677.91960,0
1771488000000,67180.40,67180.40,66431.10,66468.90,17634.609,1771502399999,1178369119.46400,490174,7766.468,519091612.14680,0
1771502400000,66468.80,66723.00,65595.70,66362.70,53345.665,1771516799999,3531007381.65420,1404179,25197.212,1667995680.39660,0
1771516800000,66362.60,67174.00,65863.80,67022.90,39321.698,1771531199999,2619762683.11980,1123391,20795.700,1385390103.00780,0
1771531200000,67022.80,67147.80,66618.20,66974.00,12193.367,1771545599999,816000078.68080,410755,6260.777,419043097.91800,0
