open_time,open,high,low,close,volume,close_time,quote_volume,count,taker_buy_volume,taker_buy_quote_volume,ignore
1766448000000,88581.50,88904.90,87738.30,88128.20,16525.238,1766462399999,1460343676.04560,458769,8031.705,710013814.98160,0
1766462400000,88128.20,88342.00,86976.60,87531.30,23180.432,1766476799999,2028973129.20930,543728,10225.839,895111612.82940,0
1766476800000,87531.30,87852.00,87256.30,87813.90,12098.900,1766491199999,1059742186.10690,282815,6084.841,533009576.26840,0
1766491200000,87813.80,87914.00,86536.00,87405.30,34384.868,1766505599999,3001092433.59610,907386,15910.149,1388874628.60530,0
1766505600000,87405.20,88247.80,87121.40,87724.20,32501.327,1766519999999,2853223631.19900,820663,16570.375,1454830760.56410,0
1766520000000,87724.20,88349.20,87145.00,87463.00,14967.183,1766534399999,1311501713.08940,462648,8029.708,703701651.85540,0
