open_time,open,high,low,close,volume,close_time,quote_volume,count,taker_buy_volume,taker_buy_quote_volume,ignore
1762732800000,104670.70,106666.00,104205.90,105990.60,32933.122,1762747199999,3486553747.84120,1047249,16503.906,1747255152.94730,0
1762747200000,105990.60,106499.00,105800.00,106417.70,12528.833,1762761599999,1330066540.37440,482027,5890.035,625341563.62520,0
1762761600000,106417.60,106570.00,105780.10,106136.60,13572.766,1762775999999,1440879258.87580,456807,6450.475,684846243.61510,0
1762776000000,106136.50,106566.70,104615.70,105028.90,33078.144,1762790399999,3490831679.75330,1051431,15583.849,1644833733.45930,0
1762790400000,105028.90,106081.10,104735.60,105767.20,16326.419,1762804799999,1721985507.01270,698782,8085.740,852939389.40820,0
1762804800000,105767.10,106249.60,105202.70,105966.30,11964.254,1762819199999,1266227563.47540,476356,6030.190,638239953.51460,0
