open_time,open,high,low,close,volume,close_time,quote_volume,count,taker_buy_volume,taker_buy_quote_volume,ignore
1770768000000,68805.30,69262.70,67951.80,68143.60,19145.197,1770782399999,1314330788.60180,706519,8918.304,612450833.71730,0
1770782400000,68143.60,68288.00,66511.00,67000.00,43120.560,1770796799999,2899899026.24580,1340307,20293.401,1364526133.52730,0
1770796800000,67000.00,67094.40,66342.60,67023.00,25236.662,1770811199999,1685266848.38040,860883,12489.050,834200950.56750,0
1770811200000,67022.90,68821.10,65718.50,66489.30,94588.830,1770825599999,6347055189.17570,2772064,48546.638,3258897813.35370,0
1770825600000,66489.40,67831.40,65834.50,67547.70,47502.511,1770839999999,3172441061.04430,1777563,23683.086,1581598575.30210,0
1770840000000,67547.60,68315.00,66757.40,67054.40,27031.764,1770854399999,1826170590.56290,904212,13333.204,901318892.41260,0
