open_time,open,high,low,close,volume,close_time,quote_volume,count,taker_buy_volume,taker_buy_quote_volume,ignore
1753660800000,119423.50,119812.00,118949.90,119269.70,14577.544,1753675199999,1740272547.54300,339997,7278.672,869002432.30080,0
1753675200000,119269.60,119692.00,118742.00,118873.20,13369.059,1753689599999,1593253860.68660,297113,6304.252,751261078.56820,0
1753689600000,118873.10,119091.20,118471.30,118813.30,12578.189,1753703999999,1493946655.70700,270349,5815.517,690736608.36420,0
1753704000000,118813.40,119085.00,117900.00,118152.80,33484.739,1753718399999,3964258587.99330,688369,15092.421,1786893365.36250,0
1753718400000,118152.90,118363.00,117388.00,118050.00,22310.897,1753732799999,2629064025.98170,483371,9969.714,1175053979.11560,0
1753732800000,118050.00,118329.80,117466.10,118041.40,10391.901,1753747199999,1225792346.03840,294706,4902.809,578317607.45340,0
