open_time,open,high,low,close,volume,close_time,quote_volume,count,taker_buy_volume,taker_buy_quote_volume,ignore
1772236800000,65836.00,65994.70,65681.90,65763.80,10665.044,1772251199999,702291470.48350,286032,4854.728,319731880.95020,0
1772251200000,65763.80,65786.80,62979.50,63788.40,77198.277,1772265599999,4951577512.31360,1665414,34473.463,2209701815.07220,0
1772265600000,63787.40,64267.90,63313.90,63810.40,35913.713,1772279999999,2289461597.07070,954053,17989.156,1147332120.82080,0
1772280000000,63810.40,65335.80,63782.20,64800.00,55609.039,1772294399999,3592783759.98800,1303170,29586.189,1911992146.57580,0
1772294400000,64800.10,66642.80,64635.00,66318.10,39161.254,1772308799999,2570835253.65880,1072423,21009.817,1379974868.55290,0
1772308800000,66318.10,67735.00,66150.00,66937.10,39375.459,1772323199999,2632996762.08070,1128671,20598.912,1377624173.31090,0
