open_time,open,high,low,close,volume,close_time,quote_volume,count,taker_buy_volume,taker_buy_quote_volume,ignore
1766966400000,87920.40,90156.50,87778.50,90091.60,45213.489,1766980799999,4021800688.83790,931519,23512.289,2091219542.35740,0
1766980800000,90091.50,90373.40,89448.10,89583.00,25464.187,1766995199999,2290568866.73560,493722,11315.002,1017891217.98400,0
1766995200000,89583.00,89791.50,87520.10,87529.00,45300.356,1767009599999,4003099512.65260,785506,23544.358,2080049999.43470,0
1767009600000,87529.10,88150.00,86760.00,87636.60,49719.631,1767023999999,4346271006.71670,1038866,24935.058,2179386444.36440,0
1767024000000,87636.40,87968.10,87259.60,87328.90,15239.929,1767038399999,1334921605.48510,419012,7347.998,643626231.22800,0
1767038400000,87328.90,87569.20,87043.40,87203.30,9066.617,1767052799999,791089351.36660,234966,4628.469,403860261.38300,0
