open_time,open,high,low,close,volume,close_time,quote_volume,count,taker_buy_volume,taker_buy_quote_volume,ignore
1767830400000,91328.10,91666.00,90555.10,90780.10,15801.589,1767844799999,1439468462.24840,413122,8143.255,742091501.52360,0
1767844800000,90780.00,91157.60,89588.10,90509.90,33939.861,1767859199999,3064940903.16950,676403,16016.166,1446661891.39440,0
1767859200000,90509.80,90741.20,89733.60,90192.30,26745.978,1767873599999,2412662812.38790,504957,13897.417,1253746940.16230,0
1767873600000,90192.20,90790.00,89242.00,90730.00,49177.480,1767887999999,4424022789.89520,1038050,25941.934,2334063508.64510,0
1767888000000,90730.00,91425.10,90244.70,90890.90,28633.856,1767902399999,2603394183.21930,702370,13322.543,1211265412.54910,0
1767902400000,90890.90,91449.90,90519.90,91059.80,14177.180,1767916799999,1290349522.31030,348385,7113.711,647492808.66750,0
