open_time,open,high,low,close,volume,close_time,quote_volume,count,taker_buy_volume,taker_buy_quote_volume,ignore
1760227200000,110579.10,111424.00,109509.30,110643.30,32024.510,1760241599999,3530221434.17420,1039199,16487.127,1817697560.29100,0
1760241600000,110643.30,112110.00,110561.80,111464.00,18747.611,1760255999999,2090643878.39130,561074,9675.315,1078860065.50000,0
1760256000000,111463.90,112084.30,111070.40,111783.80,19180.411,1760270399999,2140255764.43340,469516,9436.019,1052939454.51790,0
1760270400000,111783.80,113687.60,111111.00,113119.00,60564.451,1760284799999,6804159715.28020,1355152,29904.235,3359643537.98420,0
1760284800000,113119.00,114654.50,113119.00,114288.70,44045.749,1760299199999,5018458799.61170,980705,21899.407,2495241114.58990,0
1760299200000,114288.80,115730.30,114200.00,114894.40,43365.305,1760313599999,4988054702.12610,857066,21136.101,2431236415.35550,0
