open_time,open,high,low,close,volume,close_time,quote_volume,count,taker_buy_volume,taker_buy_quote_volume,ignore
1760832000000,107117.50,107333.00,106666.90,107221.90,9661.995,1760846399999,1033524148.14820,285522,4612.005,493376357.32650,0
1760846400000,107221.90,107241.50,106503.30,106733.30,8079.786,1760860799999,863180935.09130,253582,4020.856,429568848.46230,0
1760860800000,106733.30,108214.80,106055.80,107730.60,45768.235,1760875199999,4908228834.07830,1098024,23601.487,2530956045.76770,0
1760875200000,107730.60,108575.60,107312.20,108429.50,20332.538,1760889599999,2196114218.41600,620865,10450.785,1128704709.36990,0
1760889600000,108429.60,109399.90,108175.60,108850.00,19259.023,1760903999999,2097821458.86380,571576,9470.515,1031548981.30080,0
1760904000000,108850.10,109340.70,108366.40,108586.20,10372.143,1760918399999,1128545947.73950,352521,5160.351,561559835.91850,0
