open_time,open,high,low,close,volume,close_time,quote_volume,count,taker_buy_volume,taker_buy_quote_volume,ignore
1766275200000,88320.70,88400.00,87821.10,88043.20,7336.323,1766289599999,646099106.88000,194685,3338.825,293994439.41440,0
1766289600000,88043.30,88174.50,88010.00,88138.70,2659.008,1766303999999,234215238.24780,89821,1337.851,117846983.89770,0
1766304000000,88138.80,89050.00,88103.30,88570.60,15426.009,1766318399999,1367377675.19290,402462,8147.768,722163458.95780,0
1766318400000,88570.70,88885.90,87548.50,88024.70,25733.455,1766332799999,2266031027.65400,661778,11566.199,1018569380.27860,0
1766332800000,88024.70,88588.00,87902.00,88448.20,10214.556,1766347199999,901384621.62580,301271,5058.614,446436893.44180,0
1766347200000,88448.30,88786.90,88047.40,88621.30,6255.037,1766361599999,553026222.21910,224949,3263.611,288591298.76470,0
