open_time,open,high,low,close,volume,close_time,quote_volume,count,taker_buy_volume,taker_buy_quote_volume,ignore
1756339200000,111194.90,111993.00,110811.00,111954.10,11667.908,1756353599999,1299953624.89990,320679,5701.327,635318055.99760,0
1756353600000,111954.00,113318.20,111892.40,113079.20,23087.347,1756367999999,2605256620.05360,451848,12034.923,1357765183.68690,0
1756368000000,113079.30,113301.60,112780.30,112876.50,10509.946,1756382399999,1187603780.04260,240005,4713.149,532566851.45070,0
1756382400000,112876.50,113429.00,112344.40,112633.10,26239.509,1756396799999,2961374418.89750,640301,12932.447,1459669262.23230,0
1756396800000,112633.10,113153.10,111853.60,111864.70,17144.949,1756411199999,1927478901.93410,386685,7662.918,861818369.72480,0
1756411200000,111864.80,112519.10,111829.40,112507.30,8980.618,1756425599999,1006954475.97970,213308,5198.713,582805604.52050,0
