open_time,open,high,low,close,volume,close_time,quote_volume,count,taker_buy_volume,taker_buy_quote_volume,ignore
1764547200000,90320.50,90396.90,86126.00,86319.20,80222.892,1764561599999,7039489732.65540,1855815,36874.165,3233775154.14590,0
1764561600000,86319.10,86524.60,85563.70,86487.60,31809.427,1764575999999,2736135155.16740,724839,15823.394,1361244910.88530,0
1764576000000,86487.30,86886.00,86090.00,86100.10,19775.516,1764590399999,1711379516.37880,483404,9410.454,814434817.85770,0
1764590400000,86100.00,86625.00,83786.00,84650.00,83435.905,1764604799999,7125267853.70910,1778100,40852.968,3489411480.32910,0
1764604800000,84650.00,85528.70,84011.00,84985.00,46606.811,1764619199999,3954722200.76730,1128327,25733.401,2184291326.85450,0
1764619200000,84985.00,86817.00,84966.80,86241.60,34996.615,1764633599999,3010929787.80160,797502,19082.095,1641357923.21230,0
