open_time,open,high,low,close,volume,close_time,quote_volume,count,taker_buy_volume,taker_buy_quote_volume,ignore
1771804800000,67613.60,67655.80,64232.80,64894.00,89086.873,1771819199999,5817822458.39180,2045543,41957.192,2738495803.48030,0
1771819200000,64894.10,65980.00,64628.50,65915.80,31480.866,1771833599999,2056743701.91510,709438,15941.322,1041802918.18050,0
1771833600000,65915.70,66574.50,65534.60,66170.80,30726.787,1771847999999,2031014209.58660,672603,15206.236,1005176709.04240,0
1771848000000,66170.80,66490.00,65500.00,65633.10,44068.051,1771862399999,2908041790.94170,1113111,22700.418,1498239973.53190,0
1771862400000,65633.10,65701.20,64050.00,64273.90,57061.836,1771876799999,3698010043.06260,1442116,28415.657,1841550466.58390,0
1771876800000,64273.90,64989.00,63860.00,64625.80,24726.883,1771891199999,1594120319.88950,647808,12707.655,819399286.73420,0
