open_time,open,high,low,close,volume,close_time,quote_volume,count,taker_buy_volume,taker_buy_quote_volume,ignore
1756080000000,113446.20,113621.30,112100.20,112867.70,22365.177,1756094399999,2526776554.97430,491506,10681.855,1206859339.51540,0
1756094400000,112867.80,113022.90,111245.90,111469.70,26547.559,1756108799999,2975776343.35950,569941,12583.736,1410914152.27560,0
1756108800000,111469.70,111789.90,110891.00,111183.70,27037.380,1756123199999,3009687622.99580,559766,13032.667,1450809041.23790,0
1756123200000,111183.70,112533.20,110532.20,112142.20,41669.829,1756137599999,4650938254.43650,836826,20003.133,2232997681.26770,0
1756137600000,112142.20,112897.70,110601.70,110650.40,30479.325,1756151999999,3414070850.16020,663870,13533.957,1516773106.47850,0
1756152000000,110650.40,111050.00,109219.80,110064.00,56740.515,1756166399999,6241472408.41110,1060994,27391.976,3013519829.66700,0
