open_time,open,high,low,close,volume,close_time,quote_volume,count,taker_buy_volume,taker_buy_quote_volume,ignore
1770076800000,78692.50,79163.00,77566.50,78710.70,24856.120,1770091199999,1949088277.97630,876759,11946.441,937078002.30350,0
1770091200000,78710.70,78967.90,77900.10,78749.90,19860.497,1770105599999,1559544896.23060,642518,9709.034,762559708.61290,0
1770105600000,78750.00,79049.00,77900.00,78040.10,23203.397,1770119999999,1817721577.28180,721411,11397.248,892985628.91480,0
1770120000000,78040.10,78425.80,77000.50,78094.10,51447.122,1770134399999,4001555172.60110,1622747,25066.693,1949813832.70430,0
1770134400000,78094.20,78101.50,72889.20,74893.80,138235.631,1770148799999,10371907588.62580,3522184,66497.149,4988778183.47430,0
1770148800000,74893.90,76920.70,74541.00,75732.40,50122.749,1770163199999,3807454649.25870,1518652,25980.763,1973525309.98970,0
