open_time,open,high,low,close,volume,close_time,quote_volume,count,taker_buy_volume,taker_buy_quote_volume,ignore
1763942400000,86807.60,88049.50,85915.00,87408.80,36758.713,1763956799999,3198515549.13940,1097920,18479.518,1608264225.93380,0
1763956800000,87408.70,87795.90,86400.00,87004.60,26095.166,1763971199999,2271211938.89740,831671,12517.794,1089626816.83410,0
1763971200000,87004.60,87004.60,85654.10,86232.50,25190.047,1763985599999,2170688829.39850,729845,11969.736,1031432246.10980,0
1763985600000,86232.50,86700.00,85226.40,86571.00,47419.810,1763999999999,4083277603.86540,1314093,23197.631,1998309298.94870,0
1764000000000,86571.10,88788.00,86571.00,88277.00,51453.968,1764014399999,4519927534.62870,1217408,25533.913,2242387370.51960,0
1764014400000,88277.10,89177.30,88205.30,88247.10,24195.628,1764028799999,2146646990.61020,569931,11731.507,1041104400.52240,0
