open_time,open,high,low,close,volume,close_time,quote_volume,count,taker_buy_volume,taker_buy_quote_volume,ignore
1768953600000,88390.70,89568.50,88218.20,89396.00,18898.318,1768967999999,1681235861.05250,516266,10413.651,926609409.79340,0
1768968000000,89395.90,90088.00,89045.00,89171.30,19315.661,1768982399999,1730457253.45280,389150,9634.448,863005974.76240,0
1768982400000,89171.30,89449.00,88614.10,88757.10,13506.472,1768996799999,1203602998.75860,359284,5956.435,530912734.40010,0
1768996800000,88757.00,90599.50,88109.70,90237.10,54268.387,1769011199999,4849833625.49060,1520146,27182.166,2430277628.91950,0
1769011200000,90237.20,90427.60,87205.50,90321.90,76317.133,1769025599999,6768414296.07860,2046707,37013.144,3282337869.27020,0
1769025600000,90321.90,90349.00,89317.90,89411.40,25776.644,1769039999999,2317194508.03510,684849,12346.455,1109961443.22440,0
