open_time,open,high,low,close,volume,close_time,quote_volume,count,taker_buy_volume,taker_buy_quote_volume,ignore
1761091200000,108253.80,108649.40,107777.10,108174.10,22708.974,1761105599999,2456428175.29670,774370,11971.197,1295062768.59940,0
1761105600000,108174.00,108581.90,107558.10,108284.10,19772.922,1761119999999,2136995344.63280,570169,10302.728,1113540941.92370,0
1761120000000,108284.10,108313.80,106360.30,107501.70,28951.313,1761134399999,3116991980.96310,809687,13961.790,1503671527.61930,0
1761134400000,107501.70,109160.00,107389.40,108369.90,61071.108,1761148799999,6606731385.29450,1740124,33058.662,3576584939.27360,0
1761148800000,108369.80,108780.00,107416.10,107829.00,24816.809,1761163199999,2681804525.68360,1023355,12210.377,1319605065.91020,0
1761163200000,107829.10,108032.00,106588.00,107532.00,23572.857,1761177599999,2529297507.33490,744839,11316.582,1214489698.87340,0
