open_time,open,high,low,close,volume,close_time,quote_volume,count,taker_buy_volume,taker_buy_quote_volume,ignore
1765324800000,92638.30,92748.20,91900.00,92366.00,16458.476,1765339199999,1518766627.66800,435474,7804.873,720330244.61370,0
1765339200000,92366.00,92749.80,92339.80,92744.70,9066.291,1765353599999,839156706.83990,274082,4666.199,431913618.56350,0
1765353600000,92744.70,93278.90,91721.00,92085.50,22951.746,1765367999999,2121036415.04270,552540,10403.433,961658295.86140,0
1765368000000,92085.40,92197.30,91520.00,92021.80,20761.517,1765382399999,1908166851.26880,652864,9922.726,912038144.22590,0
1765382400000,92021.80,93223.60,91605.00,92913.80,47793.664,1765396799999,4421577967.21550,1254964,23737.441,2196397963.21100,0
1765396800000,92913.90,94443.70,91825.00,91977.50,43457.086,1765411199999,4039901531.63560,1062216,21473.519,1996692952.54540,0
