open_time,open,high,low,close,volume,close_time,quote_volume,count,taker_buy_volume,taker_buy_quote_volume,ignore
1762646400000,102269.30,102294.90,101300.00,101622.90,8613.569,1762660799999,876591908.94140,392355,4041.941,411331398.46230,0
1762660800000,101623.00,102097.00,101602.10,101898.20,6756.373,1762675199999,687907886.22810,296812,3472.552,353555396.60020,0
1762675200000,101898.30,102274.90,101457.00,102198.20,9506.279,1762689599999,968381829.46140,363772,5164.165,526053926.15920,0
1762689600000,102198.20,104180.00,102001.00,103715.80,29922.195,1762703999999,3086336643.67240,925458,16032.754,1653957062.42430,0
1762704000000,103715.80,104780.00,103290.80,104764.10,19690.095,1762718399999,2048522957.96610,635575,10639.366,1107325677.79550,0
1762718400000,104764.10,105440.00,103999.50,104670.60,17879.159,1762732799999,1871585373.69410,618009,8762.566,917529665.91680,0
