open_time,open,high,low,close,volume,close_time,quote_volume,count,taker_buy_volume,taker_buy_quote_volume,ignore
1768521600000,95567.40,95825.00,95279.80,95319.60,9561.470,1768535999999,913529293.62190,253418,4503.730,430340263.17030,0
1768536000000,95319.60,95790.00,95111.10,95608.40,14107.350,1768550399999,1346846603.85840,315421,6735.660,643107813.06360,0
1768550400000,95608.40,95805.00,95210.50,95382.60,9683.442,1768564799999,924556566.99700,236836,4629.377,441951444.98940,0
1768564800000,95382.50,95763.00,94234.50,94537.50,37520.560,1768579199999,3562704629.86310,842957,16864.254,1601672468.15480,0
1768579200000,94537.60,95191.80,94454.50,94961.00,17146.236,1768593599999,1626280507.15660,472084,8522.723,808322517.48530,0
1768593600000,94961.00,95550.00,94630.00,95503.70,13199.031,1768607999999,1257866177.97210,280183,7083.901,675146299.95720,0
