open_time,open,high,low,close,volume,close_time,quote_volume,count,taker_buy_volume,taker_buy_quote_volume,ignore
1763078400000,99654.30,99862.80,98657.00,99103.30,28715.780,1763092799999,2849034773.58710,1108256,12653.131,1255790359.52240,0
1763092800000,99103.30,99152.00,95840.90,97099.90,71313.808,1763107199999,6939178376.27960,2109158,32486.769,3161352966.64650,0
1763107200000,97099.90,97520.00,95597.90,96134.60,31110.834,1763121599999,3007357600.98100,1008730,14741.353,1425488171.02670,0
1763121600000,96134.50,97280.00,94500.00,96752.60,82600.541,1763135999999,7903512754.14040,2428850,40438.488,3870813491.67060,0
1763136000000,96752.70,97377.60,94741.20,95737.30,42316.610,1763150399999,4063858579.78450,1413942,20170.891,1937137170.23990,0
1763150400000,95737.40,95900.00,93955.00,94544.90,31015.210,1763164799999,2936976993.89130,1062820,15264.391,1445839621.91040,0
