open_time,open,high,low,close,volume,close_time,quote_volume,count,taker_buy_volume,taker_buy_quote_volume,ignore
1768694400000,95107.90,95200.90,94819.50,95155.00,6600.369,1768708799999,626992280.95720,169044,3351.545,318404765.91190,0
1768708800000,95155.00,95236.50,94980.00,94989.90,4813.436,1768723199999,457699257.18550,111186,2883.182,274171324.21280,0
1768723200000,94989.90,95257.40,94980.00,95133.40,5147.428,1768737599999,489632996.83680,122394,2790.889,265466985.44970,0
1768737600000,95133.30,95326.40,94850.40,95067.80,12660.949,1768751999999,1203723708.54800,203722,6140.696,583838573.88910,0
1768752000000,95067.70,95485.90,95024.60,95335.60,7763.476,1768766399999,739646702.14100,175380,3973.842,378601169.18770,0
1768766400000,95335.60,95490.00,93550.30,93614.00,25594.735,1768780799999,2415690964.20600,547930,11409.003,1076987669.53070,0
