open_time,open,high,low,close,volume,close_time,quote_volume,count,taker_buy_volume,taker_buy_quote_volume,ignore
1765584000000,90229.70,90432.00,90077.00,90304.00,5591.180,1765598399999,504676862.08760,125195,2608.954,235513645.71220,0
1765598400000,90304.10,90379.50,90226.80,90286.10,3796.600,1765612799999,342844247.79510,95679,1825.628,164858994.97310,0
1765612800000,90286.00,90599.00,90239.00,90298.40,7893.366,1765627199999,713817077.86130,174178,4005.202,362225511.23440,0
1765627200000,90298.50,90441.90,89888.00,90055.40,9021.404,1765641599999,813481608.36270,235789,4011.312,361706250.96450,0
1765641600000,90055.30,90236.60,89944.00,90150.90,4576.962,1765655999999,412272985.81760,128772,2289.785,206254872.26310,0
1765656000000,90150.80,90248.00,89711.90,90191.30,5358.221,1765670399999,482478320.40980,173110,2738.579,246624101.14240,0
