open_time,open,high,low,close,volume,close_time,quote_volume,count,taker_buy_volume,taker_buy_quote_volume,ignore
1774051200000,70472.60,70803.10,70403.20,70638.00,8766.870,1774065599999,618964370.01700,298164,4258.455,300688835.46360,0
1774065600000,70637.90,70849.20,70582.70,70687.30,8316.400,1774079999999,588061352.62340,242193,4141.403,292860423.28100,0
1774080000000,70687.40,70721.70,70455.60,70618.30,8839.546,1774094399999,623949405.90940,214978,4044.363,285482624.63190,0
1774094400000,70618.20,71077.70,70420.00,70599.10,14845.433,1774108799999,1050150525.84940,358106,7633.179,540073701.59130,0
1774108800000,70599.10,70620.20,70163.00,70365.90,10277.605,1774123199999,723204523.34280,270436,5300.939,373007099.18320,0
1774123200000,70365.80,70482.20,68511.30,68881.50,23039.032,1774137599999,1601275098.18330,494720,9321.962,648219209.00270,0
