open_time,open,high,low,close,volume,close_time,quote_volume,count,taker_buy_volume,taker_buy_quote_volume,ignore
1765411200000,91977.50,92046.30,89321.00,89833.10,41765.030,1765425599999,3780513341.67730,1071593,18690.476,1690900715.09990,0
1765425600000,89833.10,90445.60,89640.40,90231.40,16187.084,1765439999999,1458657521.48370,447261,8441.206,760658494.13780,0
1765440000000,90231.30,90494.70,89931.00,90195.30,11011.162,1765454399999,993181746.31440,323154,5179.689,467244363.88340,0
1765454400000,90195.30,90618.00,89200.00,89830.10,36667.082,1765468799999,3298248288.34280,931508,17564.192,1580089566.30930,0
1765468800000,89830.10,91499.00,89288.00,90793.50,36608.297,1765483199999,3309046083.47530,934318,19183.669,1734371612.56670,0
1765483200000,90793.50,93547.30,90749.60,92477.50,48909.413,1765497599999,4519574874.65860,1097487,24957.393,2306117246.80670,0
