open_time,open,high,low,close,volume,close_time,quote_volume,count,taker_buy_volume,taker_buy_quote_volume,ignore
1754179200000,112508.80,113694.00,111850.00,113550.90,17961.770,1754193599999,2028064974.03080,426640,9072.630,1024720807.41500,0
1754193600000,113550.90,113676.40,113285.70,113647.20,6301.771,1754207999999,715179589.76410,152125,3015.389,342231714.59000,0
1754208000000,113647.20,114200.00,113492.50,113810.10,11023.459,1754222399999,1254969382.11350,229143,5884.773,669942014.91440,0
1754222400000,113810.00,114049.80,113529.60,113904.30,10900.396,1754236799999,1240270714.04920,280376,5057.414,575481626.66120,0
1754236800000,113904.30,114730.00,113727.80,114259.00,10570.464,1754251199999,1207569687.54430,284014,5129.380,586108923.02090,0
1754251200000,114259.10,114567.30,114011.30,114150.80,6426.009,1754265599999,734206009.26420,214609,2937.510,335615005.07900,0
