open_time,open,high,low,close,volume,close_time,quote_volume,count,taker_buy_volume,taker_buy_quote_volume,ignore
1768780800000,93614.00,93614.10,91800.00,92656.60,49990.263,1768795199999,4629746145.87640,1256190,25166.177,2330632984.17250,0
1768795200000,92656.70,92810.00,92344.50,92787.90,11351.718,1768809599999,1050941824.23940,297551,5680.001,525914414.66080,0
1768809600000,92787.80,93312.80,92635.00,93136.70,13800.415,1768823999999,1283825958.72790,357636,6927.885,644522238.94120,0
1768824000000,93136.80,93188.00,92660.00,93013.50,11142.096,1768838399999,1035386563.77400,318886,5473.670,508640527.40680,0
1768838400000,93013.40,93379.00,92888.00,93066.20,8569.393,1768852799999,798095587.31210,244915,4250.145,395839777.03170,0
1768852800000,93066.20,93312.10,92116.00,92589.60,13383.171,1768867199999,1240164751.61210,350239,6271.015,581247632.27070,0
