open_time,open,high,low,close,volume,close_time,quote_volume,count,taker_buy_volume,taker_buy_quote_volume,ignore
1763596800000,91509.00,92760.00,91140.20,92404.60,26837.515,1763611199999,2475482527.41220,835897,12756.149,1176457311.65070,0
1763611200000,92404.70,93150.00,91640.20,92267.40,27995.866,1763625599999,2586448414.53670,736756,14013.951,1295229052.76380,0
1763625600000,92267.50,92363.10,91388.50,91892.60,17102.033,1763639999999,1570667235.77100,547095,7903.325,725839086.91020,0
1763640000000,91892.70,92498.60,89804.10,89835.40,50957.631,1763654399999,4642139095.05490,1664461,24956.057,2274418181.73110,0
1763654400000,89835.50,89885.70,86066.60,86880.30,114064.312,1763668799999,9986158174.91380,2899433,53908.905,4720686688.44150,0
1763668800000,86880.20,88214.10,86291.70,86601.30,39555.670,1763683199999,3449232570.35260,1018871,19891.686,1734810286.07680,0
