open_time,open,high,low,close,volume,close_time,quote_volume,count,taker_buy_volume,taker_buy_quote_volume,ignore
1762992000000,101605.80,102581.70,100850.00,102088.10,22639.572,1763006399999,2307989125.65460,859127,11298.345,1152202663.14650,0
1763006400000,102088.00,104024.60,101602.20,103430.90,34325.354,1763020799999,3538707516.88110,1048426,18192.614,1875923501.91980,0
1763020800000,103430.90,103765.40,102509.10,102900.00,18566.647,1763035199999,1913493282.33560,639137,8617.012,888224279.39820,0
1763035200000,102900.10,103456.00,101135.00,101338.00,45078.899,1763049599999,4613957861.95670,1518004,22402.171,2293442546.11870,0
1763049600000,101338.00,101495.70,98100.00,98643.10,75018.436,1763063999999,7469567384.37780,2034828,36419.010,3624305643.54450,0
1763064000000,98643.10,100485.80,97959.00,99654.30,40417.891,1763078399999,4001341157.65860,1182962,20866.794,2067757163.84730,0
