open_time,open,high,low,close,volume,close_time,quote_volume,count,taker_buy_volume,taker_buy_quote_volume,ignore
1751241600000,108309.80,108783.90,106686.40,107087.40,114681.386,1751327999999,12341253790.36460,1865096,55900.030,6016047519.27970,0
