open_time,open,high,low,close,volume,close_time,quote_volume,count,taker_buy_volume,taker_buy_quote_volume,ignore
1755388800000,117329.80,118558.00,117121.60,117353.80,54386.804,1755475199999,6411151083.02420,1143753,26068.765,3073122879.26020,0
