open_time,open,high,low,close,volume,close_time,quote_volume,count,taker_buy_volume,taker_buy_quote_volume,ignore
1758758400000,113253.90,113462.10,108574.10,108934.50,178663.741,1758844799999,19825920968.74040,3988053,84186.240,9344320561.00550,0
