open_time,open,high,low,close,volume,close_time,quote_volume,count,taker_buy_volume,taker_buy_quote_volume,ignore
1763078400000,99654.30,99862.80,93955.00,94544.90,287072.783,1763164799999,27699919078.66390,9131756,135755.023,13096421781.01650,0
