open_time,open,high,low,close,volume,close_time,quote_volume,count,taker_buy_volume,taker_buy_quote_volume,ignore
1748476800000,107723.10,108860.00,105054.20,105539.90,213101.255,1748563199999,22850297579.77620,3867631,103190.568,11066419508.32050,0
