open_time,open,high,low,close,volume,close_time,quote_volume,count,taker_buy_volume,taker_buy_quote_volume,ignore
1762560000000,103305.30,103373.80,101400.10,102269.30,70691.949,1762646399999,7229449979.50400,2559208,33026.898,3377832915.03430,0
