open_time,open,high,low,close,volume,close_time,quote_volume,count,taker_buy_volume,taker_buy_quote_volume,ignore
1767312000000,88800.00,90945.10,88324.40,89951.40,176662.448,1767398399999,15818436364.51320,3761821,88056.870,7886732816.13240,0
