open_time,open,high,low,close,volume,close_time,quote_volume,count,taker_buy_volume,taker_buy_quote_volume,ignore
1772496000000,68801.80,69221.60,66080.00,68295.30,257469.900,1772582399999,17427071396.12830,7256084,129683.240,8780068484.01330,0
