open_time,open,high,low,close,volume,close_time,quote_volume,count,taker_buy_volume,taker_buy_quote_volume,ignore
1749686400000,108600.10,108782.10,105602.00,105609.50,185790.190,1749772799999,19916220925.27970,3320828,88829.222,9526203957.29660,0
