open_time,open,high,low,close,volume,close_time,quote_volume,count,taker_buy_volume,taker_buy_quote_volume,ignore
1761609600000,114064.20,116074.30,112121.40,112833.50,131088.840,1761695999999,14968353132.78990,3953418,64663.100,7384670851.87600,0
