open_time,open,high,low,close,volume,close_time,quote_volume,count,taker_buy_volume,taker_buy_quote_volume,ignore
1748044800000,107271.60,109440.20,106836.00,107698.90,165158.758,1748131199999,17895241893.06970,2838855,79136.430,8574692907.35950,0
