open_time,open,high,low,close,volume,close_time,quote_volume,count,taker_buy_volume,taker_buy_quote_volume,ignore
1766880000000,87829.50,88078.30,87402.60,87920.50,37359.964,1766966399999,3278205503.95700,886145,19229.166,1687448428.57950,0
