open_time,open,high,low,close,volume,close_time,quote_volume,count,taker_buy_volume,taker_buy_quote_volume,ignore
1761523200000,114497.90,116380.20,113792.40,114064.10,118611.612,1761609599999,13655124505.52050,3606096,57954.035,6673490539.72300,0
