open_time,open,high,low,close,volume,close_time,quote_volume,count,taker_buy_volume,taker_buy_quote_volume,ignore
1763510400000,92916.80,92944.80,88564.40,91508.90,226438.450,1763596799999,20531646468.19530,6320482,111594.868,10117818980.80150,0
