open_time,open,high,low,close,volume,close_time,quote_volume,count,taker_buy_volume,taker_buy_quote_volume,ignore
1748822400000,105583.30,105900.00,103600.60,105814.30,158252.918,1748908799999,16568774033.57450,2994803,78240.684,8191502071.49220,0
