open_time,open,high,low,close,volume,close_time,quote_volume,count,taker_buy_volume,taker_buy_quote_volume,ignore
1760400000000,115112.00,115360.20,109802.00,112983.80,259244.496,1760486399999,29101159307.86630,5960214,125148.573,14046611774.70670,0
