open_time,open,high,low,close,volume,close_time,quote_volume,count,taker_buy_volume,taker_buy_quote_volume,ignore
1762819200000,105966.30,107473.70,102400.00,103005.80,132603.774,1762905599999,13877840027.72050,4760215,64447.961,6747067917.61450,0
