open_time,open,high,low,close,volume,close_time,quote_volume,count,taker_buy_volume,taker_buy_quote_volume,ignore
1770249600000,73137.50,73316.30,62233.30,62868.10,670089.741,1770335999999,45383453171.81650,19581560,322109.264,21807977020.39000,0
