open_time,open,high,low,close,volume,close_time,quote_volume,count,taker_buy_volume,taker_buy_quote_volume,ignore
1775174400000,66868.60,67350.00,66240.00,66930.00,79267.833,1775260799999,5293680077.20630,1992751,39548.730,2641788463.64100,0
