open_time,open,high,low,close,volume,close_time,quote_volume,count,taker_buy_volume,taker_buy_quote_volume,ignore
1768867200000,92589.60,92845.00,87787.20,88390.60,188076.200,1768953599999,17018198701.37690,4631114,89134.355,8067693049.12730,0
