open_time,open,high,low,close,volume,close_time,quote_volume,count,taker_buy_volume,taker_buy_quote_volume,ignore
1755561600000,116183.60,116687.70,112666.60,112824.20,141024.287,1755647999999,16131720046.58870,3133574,67997.774,7778182042.72960,0
