open_time,open,high,low,close,volume,close_time,quote_volume,count,taker_buy_volume,taker_buy_quote_volume,ignore
1771459200000,66422.80,67299.40,65595.70,66974.00,147432.601,1771545599999,9812064348.18620,4243601,73067.180,4863653042.41060,0
