open_time,open,high,low,close,volume,close_time,quote_volume,count,taker_buy_volume,taker_buy_quote_volume,ignore
1777075200000,77395.30,77847.00,77100.00,77585.00,46592.486,1777161599999,3610097135.48570,1074571,23089.429,1789188982.01080,0
