open_time,open,high,low,close,volume,close_time,quote_volume,count,taker_buy_volume,taker_buy_quote_volume,ignore
1768608000000,95503.80,95621.90,94977.50,95107.90,38969.233,1768694399999,3713666637.41870,818622,18898.703,1801057681.61830,0
