open_time,open,high,low,close,volume,close_time,quote_volume,count,taker_buy_volume,taker_buy_quote_volume,ignore
1772409600000,65749.90,70100.00,65234.40,68801.80,277378.032,1772495999999,18797402666.49240,7594400,142201.207,9641711691.19480,0
