open_time,open,high,low,close,volume,close_time,quote_volume,count,taker_buy_volume,taker_buy_quote_volume,ignore
1767225600000,87608.30,88881.40,87508.40,88800.00,47941.303,1767311999999,4221684071.52160,1056983,24309.438,2140634699.04340,0
