open_time,open,high,low,close,volume,close_time,quote_volume,count,taker_buy_volume,taker_buy_quote_volume,ignore
1755907200000,116897.50,116988.00,114510.00,115377.10,78419.415,1755993599999,9054235281.62780,1536323,37863.987,4370908825.10670,0
