open_time,open,high,low,close,volume,close_time,quote_volume,count,taker_buy_volume,taker_buy_quote_volume,ignore
1761436800000,111589.40,115521.70,111200.00,114497.80,97335.387,1761523199999,11025832161.82450,2690149,50148.489,5681747977.36640,0
