open_time,open,high,low,close,volume,close_time,quote_volume,count,taker_buy_volume,taker_buy_quote_volume,ignore
1761955200000,109557.20,110557.00,109351.50,110047.20,41614.221,1762041599999,4579668770.18990,1492868,21133.219,2325832045.63770,0
