open_time,open,high,low,close,volume,close_time,quote_volume,count,taker_buy_volume,taker_buy_quote_volume,ignore
1757980800000,115300.50,116910.80,114600.00,116747.30,99446.184,1758067199999,11513690825.04470,2144042,50112.816,5803047123.00280,0
