open_time,open,high,low,close,volume,close_time,quote_volume,count,taker_buy_volume,taker_buy_quote_volume,ignore
1767571200000,91497.20,94760.30,91476.50,93822.40,189416.312,1767657599999,17646171283.74050,4067261,97059.465,9042581525.80390,0
