open_time,open,high,low,close,volume,close_time,quote_volume,count,taker_buy_volume,taker_buy_quote_volume,ignore
1769644800000,89261.70,89316.80,83338.30,84604.70,226761.591,1769731199999,19452002164.52360,5246087,107600.597,9231117126.03450,0
