open_time,open,high,low,close,volume,close_time,quote_volume,count,taker_buy_volume,taker_buy_quote_volume,ignore
1760745600000,106378.50,107452.60,106270.00,107117.50,68509.903,1760831999999,7319254840.61800,2088885,32310.238,3452403390.31120,0
