open_time,open,high,low,close,volume,close_time,quote_volume,count,taker_buy_volume,taker_buy_quote_volume,ignore
1766793600000,87318.30,87956.90,87203.00,87829.40,27294.109,1766879999999,2388675294.68000,702865,13546.965,1185724776.12080,0
