open_time,open,high,low,close,volume,close_time,quote_volume,count,taker_buy_volume,taker_buy_quote_volume,ignore
1772755200000,70854.80,71387.50,67712.30,68083.00,213382.703,1772841599999,14828774016.97540,5538756,102870.052,7149555899.66310,0
