open_time,open,high,low,close,volume,close_time,quote_volume,count,taker_buy_volume,taker_buy_quote_volume,ignore
1776124800000,74384.90,76009.00,73766.80,74106.90,183261.490,1776211199999,13694374804.03400,4218005,95642.599,7149178056.54910,0
