open_time,open,high,low,close,volume,close_time,quote_volume,count,taker_buy_volume,taker_buy_quote_volume,ignore
1774483200000,71297.50,71408.10,68115.80,68788.00,186473.614,1774569599999,12951042505.34980,4295874,89375.977,6207615721.37090,0
