open_time,open,high,low,close,volume,close_time,quote_volume,count,taker_buy_volume,taker_buy_quote_volume,ignore
1773619200000,72778.80,74880.00,72235.60,74846.40,269076.990,1773705599999,19840157846.20030,6268523,142195.122,10486931743.15500,0
