open_time,open,high,low,close,volume,close_time,quote_volume,count,taker_buy_volume,taker_buy_quote_volume,ignore
1747526400000,103079.50,106629.80,103052.20,106407.60,173224.284,1747612799999,18124062039.31250,3286266,89890.052,9409858684.50560,0
