open_time,open,high,low,close,volume,close_time,quote_volume,count,taker_buy_volume,taker_buy_quote_volume,ignore
1753920000000,117771.10,118910.00,115373.90,115697.30,135037.467,1754006399999,15883505625.63460,2653586,64854.642,7632959988.19830,0
