open_time,open,high,low,close,volume,close_time,quote_volume,count,taker_buy_volume,taker_buy_quote_volume,ignore
1772236800000,65836.00,67735.00,62979.50,66937.10,257922.786,1772323199999,16739946355.59530,6409763,128512.265,8346357005.28280,0
