open_time,open,high,low,close,volume,close_time,quote_volume,count,taker_buy_volume,taker_buy_quote_volume,ignore
1751155200000,107240.90,108499.00,107112.60,108309.80,79448.325,1751241599999,8563401844.12150,1398904,41552.003,4478823238.76370,0
