open_time,open,high,low,close,volume,close_time,quote_volume,count,taker_buy_volume,taker_buy_quote_volume,ignore
1764979200000,89288.60,90257.30,88870.10,89197.10,56826.867,1765065599999,5087173918.79450,1591701,27767.199,2486142416.43780,0
