open_time,open,high,low,close,volume,close_time,quote_volume,count,taker_buy_volume,taker_buy_quote_volume,ignore
1762992000000,101605.80,104024.60,97959.00,99654.30,236046.799,1763078399999,23845056328.86440,7282484,117795.946,11901855797.97500,0
