open_time,open,high,low,close,volume,close_time,quote_volume,count,taker_buy_volume,taker_buy_quote_volume,ignore
1775865600000,72917.40,73773.40,72451.90,73013.40,80169.670,1775951999999,5853687218.54430,1757326,41840.259,3055775778.06170,0
