open_time,open,high,low,close,volume,close_time,quote_volume,count,taker_buy_volume,taker_buy_quote_volume,ignore
1775692800000,71038.20,73128.00,70428.00,71750.40,175806.457,1775779199999,12590015134.56030,4240779,90420.751,6478553823.77030,0
