open_time,open,high,low,close,volume,close_time,quote_volume,count,taker_buy_volume,taker_buy_quote_volume,ignore
1768262400000,91252.50,96863.70,91011.00,95375.20,200545.918,1768348799999,18702759214.68130,4318052,105695.435,9864317696.05910,0
