open_time,open,high,low,close,volume,close_time,quote_volume,count,taker_buy_volume,taker_buy_quote_volume,ignore
1751587200000,109545.10,109732.30,107200.00,107935.40,132305.847,1751673599999,14316422935.26060,1957162,64249.699,6952968511.71350,0
