open_time,open,high,low,close,volume,close_time,quote_volume,count,taker_buy_volume,taker_buy_quote_volume,ignore
1771545600000,66973.90,68283.70,66408.10,67979.30,225303.971,1771631999999,15188111219.34690,5164151,113814.422,7672390279.25230,0
