open_time,open,high,low,close,volume,close_time,quote_volume,count,taker_buy_volume,taker_buy_quote_volume,ignore
1775260800000,66930.00,67554.50,66745.50,67271.00,50770.337,1775347199999,3410098603.02770,974725,25639.145,1722456378.50430,0
