open_time,open,high,low,close,volume,close_time,quote_volume,count,taker_buy_volume,taker_buy_quote_volume,ignore
1766966400000,87920.40,90373.40,86760.00,87203.30,190004.209,1767052799999,16787751031.79450,3903591,95283.174,8416033696.75150,0
