open_time,open,high,low,close,volume,close_time,quote_volume,count,taker_buy_volume,taker_buy_quote_volume,ignore
1773100800000,68394.00,71748.10,68345.00,69901.90,265674.484,1773187199999,18671992004.42490,6447895,135881.438,9551079577.35770,0
