open_time,open,high,low,close,volume,close_time,quote_volume,count,taker_buy_volume,taker_buy_quote_volume,ignore
1749600000000,110235.40,110350.00,108001.20,108600.00,134422.321,1749686399999,14691641846.56740,2592990,64951.236,7099898449.83420,0
