open_time,open,high,low,close,volume,close_time,quote_volume,count,taker_buy_volume,taker_buy_quote_volume,ignore
1748390400000,108889.20,109252.60,106723.90,107723.10,158417.759,1748476799999,17119395349.87690,3009662,77490.091,8375382654.43620,0
