open_time,open,high,low,close,volume,close_time,quote_volume,count,taker_buy_volume,taker_buy_quote_volume,ignore
1751760000000,108153.40,109684.70,107743.40,109145.80,72388.603,1751846399999,7864421489.32310,1278877,37107.026,4031820476.08090,0
