open_time,open,high,low,close,volume,close_time,quote_volume,count,taker_buy_volume,taker_buy_quote_volume,ignore
1778889600000,79074.00,79199.70,77601.80,78104.20,86150.451,1778975999999,6745204001.35670,1893984,40355.528,3159749226.37270,0
