open_time,open,high,low,close,volume,close_time,quote_volume,count,taker_buy_volume,taker_buy_quote_volume,ignore
1771632000000,67979.30,68687.00,67488.90,67933.10,87495.493,1771718399999,5962675788.09880,1846629,45144.688,3077321357.65570,0
