open_time,open,high,low,close,volume,close_time,quote_volume,count,taker_buy_volume,taker_buy_quote_volume,ignore
1775520000000,68817.90,72743.40,67711.00,71890.20,232828.247,1775606399999,16182279542.87390,5373548,123615.487,8599656840.02230,0
