open_time,open,high,low,close,volume,close_time,quote_volume,count,taker_buy_volume,taker_buy_quote_volume,ignore
1766707200000,87182.80,89557.60,86619.90,87318.20,149971.737,1766793599999,13204732310.09800,3606967,76191.941,6707636492.37970,0
