open_time,open,high,low,close,volume,close_time,quote_volume,count,taker_buy_volume,taker_buy_quote_volume,ignore
1758067200000,116747.30,117266.40,114623.30,116402.50,158125.070,1758153599999,18348171466.35250,3267980,80225.096,9311626093.76270,0
