open_time,open,high,low,close,volume,close_time,quote_volume,count,taker_buy_volume,taker_buy_quote_volume,ignore
1764374400000,90847.80,91130.00,90092.70,90765.00,54196.679,1764460799999,4912678291.21220,1422265,26455.920,2398702136.52940,0
