open_time,open,high,low,close,volume,close_time,quote_volume,count,taker_buy_volume,taker_buy_quote_volume,ignore
1757376000000,112012.70,113238.00,110714.90,111499.90,137275.133,1757462399999,15364017571.64210,2548235,68008.526,7611454214.73440,0
