open_time,open,high,low,close,volume,close_time,quote_volume,count,taker_buy_volume,taker_buy_quote_volume,ignore
1771718400000,67933.20,68220.00,67150.00,67613.50,84343.422,1771804799999,5711913292.39260,1863706,42548.861,2881219584.17340,0
