open_time,open,high,low,close,volume,close_time,quote_volume,count,taker_buy_volume,taker_buy_quote_volume,ignore
1758153600000,116402.60,117875.20,116033.50,117017.10,107215.717,1758239999999,12568414009.01900,2327863,51390.531,6024588789.08760,0
