open_time,open,high,low,close,volume,close_time,quote_volume,count,taker_buy_volume,taker_buy_quote_volume,ignore
1773187200000,69901.80,71286.00,68932.90,70150.00,195627.956,1773273599999,13717861932.27640,5153969,99852.987,7003372481.11620,0
