open_time,open,high,low,close,volume,close_time,quote_volume,count,taker_buy_volume,taker_buy_quote_volume,ignore
1747872000000,109609.60,111959.50,109153.40,111662.70,246067.033,1747958399999,27295716075.30180,4612376,124614.990,13824511909.06290,0
