open_time,open,high,low,close,volume,close_time,quote_volume,count,taker_buy_volume,taker_buy_quote_volume,ignore
1759708800000,123426.70,126208.50,123018.50,124628.50,140201.329,1759795199999,17465215135.00390,3633703,69333.392,8639085715.03750,0
