open_time,open,high,low,close,volume,close_time,quote_volume,count,taker_buy_volume,taker_buy_quote_volume,ignore
1772150400000,67448.10,68188.80,64875.60,65836.00,205957.364,1772236799999,13676652433.98220,5402389,101504.077,6739338522.55440,0
