open_time,open,high,low,close,volume,close_time,quote_volume,count,taker_buy_volume,taker_buy_quote_volume,ignore
1763596800000,91509.00,93150.00,86066.60,86601.30,276513.027,1763683199999,24710128018.04120,7702513,133430.073,11927440607.57410,0
