open_time,open,high,low,close,volume,close_time,quote_volume,count,taker_buy_volume,taker_buy_quote_volume,ignore
1757635200000,115427.00,116605.70,114681.50,115978.40,119013.718,1757721599999,13753804629.95520,2321278,60349.365,6973899045.82500,0
