open_time,open,high,low,close,volume,close_time,quote_volume,count,taker_buy_volume,taker_buy_quote_volume,ignore
1750723200000,105291.00,106239.00,104570.80,106034.90,144449.887,1750809599999,15211187542.82340,2565480,71801.201,7561432835.24900,0
