open_time,open,high,low,close,volume,close_time,quote_volume,count,taker_buy_volume,taker_buy_quote_volume,ignore
1777248000000,78614.40,79455.00,76400.00,77331.20,169100.883,1777334399999,13145988361.72060,3759613,79780.744,6202616215.80200,0
