open_time,open,high,low,close,volume,close_time,quote_volume,count,taker_buy_volume,taker_buy_quote_volume,ignore
1752796800000,119176.50,120846.10,116788.90,117896.40,162246.906,1752883199999,19250655213.59860,3368152,78772.030,9348607437.18440,0
