open_time,open,high,low,close,volume,close_time,quote_volume,count,taker_buy_volume,taker_buy_quote_volume,ignore
1777593600000,76305.40,78879.90,76265.40,78192.00,152998.306,1777679999999,11910926993.19260,3193414,79967.911,6224875505.99660,0
