open_time,open,high,low,close,volume,close_time,quote_volume,count,taker_buy_volume,taker_buy_quote_volume,ignore
1751846400000,109145.80,109667.30,107456.00,108203.90,106397.578,1751932799999,11536683412.63030,1788546,52139.045,5654097567.20250,0
