open_time,open,high,low,close,volume,close_time,quote_volume,count,taker_buy_volume,taker_buy_quote_volume,ignore
1770940800000,66243.20,69473.70,65833.90,68821.50,183043.289,1771027199999,12411102395.28040,5506424,92834.952,6296336083.35190,0
