open_time,open,high,low,close,volume,close_time,quote_volume,count,taker_buy_volume,taker_buy_quote_volume,ignore
1763424000000,92169.80,93799.10,89012.00,92916.90,232691.156,1763510399999,21287650102.19710,7177907,113786.482,10415481419.46530,0
