open_time,open,high,low,close,volume,close_time,quote_volume,count,taker_buy_volume,taker_buy_quote_volume,ignore
1764547200000,90320.50,90396.90,83786.00,86241.60,296847.166,1764633599999,25577924246.47960,6767987,147776.477,12724515613.28480,0
