open_time,open,high,low,close,volume,close_time,quote_volume,count,taker_buy_volume,taker_buy_quote_volume,ignore
1768348800000,95375.20,97932.10,94413.40,96907.90,182043.491,1768435199999,17517864908.39970,4348837,92286.055,8882328810.85100,0
