open_time,open,high,low,close,volume,close_time,quote_volume,count,taker_buy_volume,taker_buy_quote_volume,ignore
1752451200000,119038.30,123300.00,118862.60,119816.50,221556.120,1752537599999,26804448428.88770,4034670,113834.673,13772358450.57520,0
