open_time,open,high,low,close,volume,close_time,quote_volume,count,taker_buy_volume,taker_buy_quote_volume,ignore
1763942400000,86807.60,89177.30,85226.40,88247.10,211113.332,1764028799999,18390268446.53960,5760868,103430.099,9011124358.86840,0
