open_time,open,high,low,close,volume,close_time,quote_volume,count,taker_buy_volume,taker_buy_quote_volume,ignore
1748736000000,104544.60,105823.60,103704.10,105583.30,97420.240,1748822399999,10189734693.27650,1959949,48780.478,5102309101.60380,0
