open_time,open,high,low,close,volume,close_time,quote_volume,count,taker_buy_volume,taker_buy_quote_volume,ignore
1750550400000,102079.80,103362.60,98115.40,100904.70,293562.636,1750636799999,29530840749.92460,4876091,147071.521,14794588601.48750,0
