open_time,open,high,low,close,volume,close_time,quote_volume,count,taker_buy_volume,taker_buy_quote_volume,ignore
1766534400000,87463.10,88033.30,86355.00,87627.30,81543.508,1766620799999,7107553239.53790,2265487,40807.967,3557644789.48520,0
