open_time,open,high,low,close,volume,close_time,quote_volume,count,taker_buy_volume,taker_buy_quote_volume,ignore
1750291200000,104832.80,105185.70,103870.30,104607.10,87710.605,1750377599999,9170655647.46080,1606233,43107.754,4507096083.96640,0
