open_time,open,high,low,close,volume,close_time,quote_volume,count,taker_buy_volume,taker_buy_quote_volume,ignore
1759968000000,123237.40,123740.10,119572.80,121579.30,163596.380,1760054399999,19890276384.59020,3938201,76306.798,9277968956.93740,0
