open_time,open,high,low,close,volume,close_time,quote_volume,count,taker_buy_volume,taker_buy_quote_volume,ignore
1752364800000,117389.40,119655.00,117164.30,119038.30,90052.381,1752451199999,10670541370.91120,1810973,45809.831,5428490991.08780,0
