open_time,open,high,low,close,volume,close_time,quote_volume,count,taker_buy_volume,taker_buy_quote_volume,ignore
1772841600000,68083.00,68524.90,66850.10,67232.10,94570.162,1772927999999,6406934226.66050,2310757,45855.067,3107174130.07500,0
