open_time,open,high,low,close,volume,close_time,quote_volume,count,taker_buy_volume,taker_buy_quote_volume,ignore
1761004800000,110469.90,113940.00,107400.00,108253.70,241127.426,1761091199999,26588100130.46520,6899664,118319.639,13041681888.79290,0
