open_time,open,high,low,close,volume,close_time,quote_volume,count,taker_buy_volume,taker_buy_quote_volume,ignore
1773360000000,70480.10,73870.00,70342.70,70895.50,300232.121,1773446399999,21593507872.20230,6412789,156863.010,11283022486.73780,0
