open_time,open,high,low,close,volume,close_time,quote_volume,count,taker_buy_volume,taker_buy_quote_volume,ignore
1752192000000,115979.20,118882.80,115186.70,117500.00,199819.357,1752278399999,23468288934.00470,3481508,100784.694,11836216164.32290,0
