open_time,open,high,low,close,volume,close_time,quote_volume,count,taker_buy_volume,taker_buy_quote_volume,ignore
1769472000000,88300.60,89499.00,87265.40,89197.80,117926.114,1769558399999,10418692062.98080,3132674,59716.738,5275991529.70270,0
