open_time,open,high,low,close,volume,close_time,quote_volume,count,taker_buy_volume,taker_buy_quote_volume,ignore
1769126400000,89518.40,91195.00,88530.00,89558.70,124825.850,1769212799999,11205111434.18440,3316867,61779.895,5546065367.21530,0
