open_time,open,high,low,close,volume,close_time,quote_volume,count,taker_buy_volume,taker_buy_quote_volume,ignore
1758672000000,111947.00,113895.80,110935.00,113254.00,105314.096,1758758399999,11879548716.19570,2384763,53413.185,6025971750.17650,0
