open_time,open,high,low,close,volume,close_time,quote_volume,count,taker_buy_volume,taker_buy_quote_volume,ignore
1765584000000,90229.70,90599.00,89711.90,90191.30,36237.733,1765670399999,3269571102.33410,932723,17479.460,1577183376.28970,0
