open_time,open,high,low,close,volume,close_time,quote_volume,count,taker_buy_volume,taker_buy_quote_volume,ignore
1749772800000,105609.40,106141.10,102614.00,106027.30,245935.413,1749859199999,25704797377.64420,4731930,123623.272,12923131340.04480,0
