open_time,open,high,low,close,volume,close_time,quote_volume,count,taker_buy_volume,taker_buy_quote_volume,ignore
1773532800000,71174.40,73199.90,70815.70,72778.90,126474.242,1773619199999,9080449373.00480,3045577,66929.360,4806884385.18550,0
