open_time,open,high,low,close,volume,close_time,quote_volume,count,taker_buy_volume,taker_buy_quote_volume,ignore
1772323200000,66937.00,68189.00,65011.00,65750.00,219111.436,1772409599999,14595540041.56590,5961363,109014.685,7263217121.69530,0
