open_time,open,high,low,close,volume,close_time,quote_volume,count,taker_buy_volume,taker_buy_quote_volume,ignore
1756252800000,111710.00,112568.50,110306.90,111194.90,114205.122,1756339199999,12739237648.64940,2613099,57009.686,6360193223.37450,0
