open_time,open,high,low,close,volume,close_time,quote_volume,count,taker_buy_volume,taker_buy_quote_volume,ignore
1776297600000,74776.30,75500.00,73256.80,75106.80,158397.725,1776383999999,11801394012.96510,4081084,79897.602,5954451951.72580,0
