open_time,open,high,low,close,volume,close_time,quote_volume,count,taker_buy_volume,taker_buy_quote_volume,ignore
1764115200000,87324.10,90655.40,86260.90,90438.10,159146.533,1764201599999,14035931374.22260,3774838,77838.103,6867895385.23140,0
