open_time,open,high,low,close,volume,close_time,quote_volume,count,taker_buy_volume,taker_buy_quote_volume,ignore
1756684800000,108208.40,109874.80,107211.50,109187.90,150280.626,1756771199999,16311045147.88820,3269303,74557.088,8091073396.49200,0
