open_time,open,high,low,close,volume,close_time,quote_volume,count,taker_buy_volume,taker_buy_quote_volume,ignore
1753228800000,119993.70,120146.50,117250.00,118713.50,136986.897,1753315199999,16199890830.64180,2483435,66612.552,7878868556.41790,0
