open_time,open,high,low,close,volume,close_time,quote_volume,count,taker_buy_volume,taker_buy_quote_volume,ignore
1750896000000,107280.10,108249.90,106500.00,106913.70,114433.386,1750982399999,12286992617.72360,2181091,56752.074,6094349716.90750,0
