open_time,open,high,low,close,volume,close_time,quote_volume,count,taker_buy_volume,taker_buy_quote_volume,ignore
1752710400000,118590.70,120951.50,117412.80,119176.60,164274.401,1752796799999,19529125659.90340,3301670,82532.264,9814512775.72370,0
