open_time,open,high,low,close,volume,close_time,quote_volume,count,taker_buy_volume,taker_buy_quote_volume,ignore
1774137600000,68881.50,69555.80,67300.00,67830.60,134880.564,1774223999999,9248443589.32470,3656404,66109.279,4533941495.73990,0
