open_time,open,high,low,close,volume,close_time,quote_volume,count,taker_buy_volume,taker_buy_quote_volume,ignore
1774569600000,68788.10,69142.70,65501.00,66364.20,212351.048,1774655999999,14210587774.42080,4882340,99296.688,6645603566.70390,0
