open_time,open,high,low,close,volume,close_time,quote_volume,count,taker_buy_volume,taker_buy_quote_volume,ignore
1763769600000,85093.60,85599.90,83456.00,84689.40,94197.055,1763855999999,7944941195.96230,3300973,46882.408,3954513677.78380,0
