open_time,open,high,low,close,volume,close_time,quote_volume,count,taker_buy_volume,taker_buy_quote_volume,ignore
1764460800000,90764.90,91934.40,90300.00,90320.60,66139.718,1764547199999,6030481989.37400,1670692,33556.305,3060587530.45730,0
