open_time,open,high,low,close,volume,close_time,quote_volume,count,taker_buy_volume,taker_buy_quote_volume,ignore
1770768000000,68805.30,69262.70,65718.50,67054.40,256625.524,1770854399999,17245163504.01090,8361548,127263.683,8552993198.88050,0
