open_time,open,high,low,close,volume,close_time,quote_volume,count,taker_buy_volume,taker_buy_quote_volume,ignore
1775433600000,68997.90,70332.50,68227.50,68817.90,166757.236,1775519999999,11569303168.56050,4113878,83004.367,5761065151.39940,0
