open_time,open,high,low,close,volume,close_time,quote_volume,count,taker_buy_volume,taker_buy_quote_volume,ignore
1763164800000,94544.90,96800.00,94523.90,95560.30,90220.319,1763251199999,8648839692.43750,3291291,47203.247,4524772600.93300,0
