open_time,open,high,low,close,volume,close_time,quote_volume,count,taker_buy_volume,taker_buy_quote_volume,ignore
1747699200000,105531.50,107292.50,104115.20,106800.10,226187.246,1747785599999,23924084086.07680,3940207,116062.335,12276681726.70150,0
