open_time,open,high,low,close,volume,close_time,quote_volume,count,taker_buy_volume,taker_buy_quote_volume,ignore
1751500800000,108800.00,110484.00,108480.60,109545.20,141487.997,1751587199999,15492329480.49310,2342574,73227.889,8018864064.81370,0
