open_time,open,high,low,close,volume,close_time,quote_volume,count,taker_buy_volume,taker_buy_quote_volume,ignore
1752019200000,108873.20,112036.80,108273.50,111199.90,167834.731,1752105599999,18458201635.89880,2548622,87925.103,9671703908.60700,0
