open_time,open,high,low,close,volume,close_time,quote_volume,count,taker_buy_volume,taker_buy_quote_volume,ignore
1778371200000,80634.00,82460.50,80225.10,82177.70,94950.803,1778457599999,7710867902.26520,2249327,49103.839,3988588385.86510,0
