open_time,open,high,low,close,volume,close_time,quote_volume,count,taker_buy_volume,taker_buy_quote_volume,ignore
1762300800000,101450.20,104497.60,98909.70,103837.00,167770.094,1762387199999,17127717826.93930,6086022,85269.272,8705829237.45250,0
