open_time,open,high,low,close,volume,close_time,quote_volume,count,taker_buy_volume,taker_buy_quote_volume,ignore
1764720000000,91249.10,94185.00,90954.80,93376.70,201298.317,1764806399999,18675815044.30440,5434938,101728.674,9440036623.04580,0
