open_time,open,high,low,close,volume,close_time,quote_volume,count,taker_buy_volume,taker_buy_quote_volume,ignore
1773964800000,69887.40,71342.20,69350.00,70472.70,186241.517,1774051199999,13081138829.46240,4888724,95658.426,6719666214.18730,0
