open_time,open,high,low,close,volume,close_time,quote_volume,count,taker_buy_volume,taker_buy_quote_volume,ignore
1771200000000,68796.90,70110.90,67250.00,68862.50,149579.748,1771286399999,10246352235.40220,4281080,74612.753,5112811990.01180,0
