open_time,open,high,low,close,volume,close_time,quote_volume,count,taker_buy_volume,taker_buy_quote_volume,ignore
1776902400000,78139.70,78648.00,76504.60,78216.80,172485.012,1776988799999,13417395909.75700,4384196,84718.875,6592277714.22400,0
