open_time,open,high,low,close,volume,close_time,quote_volume,count,taker_buy_volume,taker_buy_quote_volume,ignore
1762473600000,101305.60,104070.70,99200.00,103305.20,163967.458,1762559999999,16618226412.99920,5603055,80661.296,8177204667.15750,0
