open_time,open,high,low,close,volume,close_time,quote_volume,count,taker_buy_volume,taker_buy_quote_volume,ignore
1756512000000,108332.40,108879.60,107281.00,108757.90,60656.883,1756598399999,6572709736.31170,1397811,29582.419,3205457675.08640,0
