open_time,open,high,low,close,volume,close_time,quote_volume,count,taker_buy_volume,taker_buy_quote_volume,ignore
1757203200000,110135.20,111559.50,110120.50,111076.00,53840.584,1757289599999,5973071292.84720,1136788,28108.634,3118159009.90870,0
