open_time,open,high,low,close,volume,close_time,quote_volume,count,taker_buy_volume,taker_buy_quote_volume,ignore
1753142400000,117330.20,120300.10,115865.00,119993.70,186832.450,1753228799999,22133221784.42760,3400863,94591.193,11212737632.94700,0
