open_time,open,high,low,close,volume,close_time,quote_volume,count,taker_buy_volume,taker_buy_quote_volume,ignore
1759363200000,118552.00,120999.00,118226.40,120481.30,145456.938,1759449599999,17369682490.30870,3287990,75869.802,9060382748.58580,0
