open_time,open,high,low,close,volume,close_time,quote_volume,count,taker_buy_volume,taker_buy_quote_volume,ignore
1775347200000,67271.10,69108.00,66575.50,68997.90,104918.169,1775433599999,7083232336.50340,2094751,56721.718,3831677470.63710,0
