open_time,open,high,low,close,volume,close_time,quote_volume,count,taker_buy_volume,taker_buy_quote_volume,ignore
1776556800000,75653.80,76200.00,73700.20,73758.40,128978.211,1776643199999,9683836062.95990,3539624,63058.289,4736545268.80330,0
