open_time,open,high,low,close,volume,close_time,quote_volume,count,taker_buy_volume,taker_buy_quote_volume,ignore
1768435200000,96908.00,97155.00,95080.00,95567.30,149204.741,1768521599999,14354929430.59580,3798595,75974.818,7310211188.04760,0
