open_time,open,high,low,close,volume,close_time,quote_volume,count,taker_buy_volume,taker_buy_quote_volume,ignore
1777161600000,77585.00,78994.80,77280.00,78613.50,79943.305,1777247999999,6242573929.51120,1958460,40732.364,3181665010.40380,0
