open_time,open,high,low,close,volume,close_time,quote_volume,count,taker_buy_volume,taker_buy_quote_volume,ignore
1753056000000,117216.10,119720.60,116454.10,117330.20,141885.848,1753142399999,16757943321.43590,2862908,69570.765,8219105667.00040,0
