open_time,open,high,low,close,volume,close_time,quote_volume,count,taker_buy_volume,taker_buy_quote_volume,ignore
1752105600000,111199.80,117500.00,110432.20,115979.20,225570.213,1752191999999,25573716456.37330,3420723,119208.753,13523225525.24890,0
