open_time,open,high,low,close,volume,close_time,quote_volume,count,taker_buy_volume,taker_buy_quote_volume,ignore
1771891200000,64625.80,64980.00,62401.70,64031.30,223150.569,1771977599999,14197862756.48560,5758456,109251.438,6952752503.52220,0
