open_time,open,high,low,close,volume,close_time,quote_volume,count,taker_buy_volume,taker_buy_quote_volume,ignore
1776988800000,78217.40,78546.00,77206.80,77395.40,127783.005,1777075199999,9945529700.82130,3111521,63895.667,4973678914.41980,0
