open_time,open,high,low,close,volume,close_time,quote_volume,count,taker_buy_volume,taker_buy_quote_volume,ignore
1757894400000,115210.00,116759.90,114338.50,115300.60,117911.279,1757980799999,13585379833.82680,2531767,57329.104,6606034102.62620,0
