open_time,open,high,low,close,volume,close_time,quote_volume,count,taker_buy_volume,taker_buy_quote_volume,ignore
1761696000000,112833.50,113593.00,109026.40,109985.60,163920.866,1761782399999,18302671178.46350,4943718,78716.735,8791661211.28410,0
