open_time,open,high,low,close,volume,close_time,quote_volume,count,taker_buy_volume,taker_buy_quote_volume,ignore
1768176000000,90964.40,92488.00,90066.00,91252.60,169237.383,1768262399999,15460787326.06710,3781380,82912.104,7572852155.42570,0
