open_time,open,high,low,close,volume,close_time,quote_volume,count,taker_buy_volume,taker_buy_quote_volume,ignore
1770681600000,70110.60,70499.90,67883.00,68805.30,183872.609,1770767999999,12702030089.13600,6235581,90509.520,6253576090.19960,0
