open_time,open,high,low,close,volume,close_time,quote_volume,count,taker_buy_volume,taker_buy_quote_volume,ignore
1760140800000,112715.00,113300.10,109501.00,110579.10,163671.590,1760227199999,18268163074.13440,4650728,73785.149,8236139351.94470,0
