open_time,open,high,low,close,volume,close_time,quote_volume,count,taker_buy_volume,taker_buy_quote_volume,ignore
1769299200000,89180.70,89281.60,86021.70,86628.90,124879.363,1769385599999,10926589926.88440,2890811,59390.821,5197048472.47340,0
