open_time,open,high,low,close,volume,close_time,quote_volume,count,taker_buy_volume,taker_buy_quote_volume,ignore
1758844800000,108934.60,110250.00,108566.00,109588.50,112277.659,1758931199999,12272701459.17910,2904945,56155.899,6138347628.89490,0
