open_time,open,high,low,close,volume,close_time,quote_volume,count,taker_buy_volume,taker_buy_quote_volume,ignore
1752883200000,117896.50,118456.00,117245.90,117814.40,52531.193,1752969599999,6197160791.54710,1248912,24526.721,2893580595.87020,0
