open_time,open,high,low,close,volume,close_time,quote_volume,count,taker_buy_volume,taker_buy_quote_volume,ignore
1749513600000,110228.00,110367.20,108282.00,110235.40,152216.974,1749599999999,16647654303.54210,2781353,75668.024,8275759237.48930,0
