open_time,open,high,low,close,volume,close_time,quote_volume,count,taker_buy_volume,taker_buy_quote_volume,ignore
1774828800000,65978.00,68148.40,65754.20,66764.40,187059.065,1774915199999,12563731418.24450,4757179,95737.116,6430144653.79930,0
