open_time,open,high,low,close,volume,close_time,quote_volume,count,taker_buy_volume,taker_buy_quote_volume,ignore
1755216000000,118242.20,119184.00,116736.30,117279.20,120542.357,1755302399999,14214818128.97240,2714933,59281.350,6991379574.40840,0
