open_time,open,high,low,close,volume,close_time,quote_volume,count,taker_buy_volume,taker_buy_quote_volume,ignore
1754524800000,114941.00,117580.00,114211.40,117419.90,134409.055,1754611199999,15603976236.92760,2477601,70320.817,8162960433.91320,0
