open_time,open,high,low,close,volume,close_time,quote_volume,count,taker_buy_volume,taker_buy_quote_volume,ignore
1760572800000,110699.10,111960.00,107350.00,108129.40,193544.785,1760659199999,21245415629.67210,6043222,93640.906,10281726978.35180,0
