open_time,open,high,low,close,volume,close_time,quote_volume,count,taker_buy_volume,taker_buy_quote_volume,ignore
1777334400000,77331.20,77450.00,75635.60,76298.10,103918.877,1777420799999,7940395434.43440,2755530,51324.109,3921079223.06330,0
