open_time,open,high,low,close,volume,close_time,quote_volume,count,taker_buy_volume,taker_buy_quote_volume,ignore
1762905600000,103005.80,105297.00,100711.00,101605.80,140876.276,1762991999999,14516821988.27840,4703500,69539.370,7165597522.80570,0
