open_time,open,high,low,close,volume,close_time,quote_volume,count,taker_buy_volume,taker_buy_quote_volume,ignore
1773792000000,73872.30,74633.00,70456.00,71202.90,226755.469,1773878399999,16383639137.95230,5356124,109590.175,7920069210.92690,0
