open_time,open,high,low,close,volume,close_time,quote_volume,count,taker_buy_volume,taker_buy_quote_volume,ignore
1768780800000,93614.00,93614.10,91800.00,92589.60,108237.056,1768867199999,10038160831.54190,2825417,53768.893,4986797574.48370,0
