open_time,open,high,low,close,volume,close_time,quote_volume,count,taker_buy_volume,taker_buy_quote_volume,ignore
1761782400000,109985.60,111565.10,106200.00,108263.50,205753.644,1761868799999,22369109428.54780,6330320,100086.671,10882242367.71600,0
