open_time,open,high,low,close,volume,close_time,quote_volume,count,taker_buy_volume,taker_buy_quote_volume,ignore
1751068800000,107010.60,107538.00,106767.00,107241.00,35670.419,1751155199999,3824571878.03480,747193,18591.878,1993427515.91440,0
