open_time,open,high,low,close,volume,close_time,quote_volume,count,taker_buy_volume,taker_buy_quote_volume,ignore
1755475200000,117353.90,117499.40,114605.00,116183.60,147219.779,1755561599999,17039158070.22880,3078165,69088.986,7995299306.21840,0
