open_time,open,high,low,close,volume,close_time,quote_volume,count,taker_buy_volume,taker_buy_quote_volume,ignore
1757808000000,115862.70,116118.60,115057.00,115210.00,55087.990,1757894399999,6368498171.51330,1196136,26632.938,3079192660.16290,0
