open_time,open,high,low,close,volume,close_time,quote_volume,count,taker_buy_volume,taker_buy_quote_volume,ignore
1757116800000,110614.80,111256.20,109850.00,110135.30,46282.516,1757203199999,5113475710.49390,1043405,21535.745,2379550741.40790,0
