open_time,open,high,low,close,volume,close_time,quote_volume,count,taker_buy_volume,taker_buy_quote_volume,ignore
1755820800000,112462.20,117397.40,111625.90,116897.50,199447.977,1755907199999,22883791440.70280,3835737,99642.896,11432576389.31770,0
