open_time,open,high,low,close,volume,close_time,quote_volume,count,taker_buy_volume,taker_buy_quote_volume,ignore
1770076800000,78692.50,79163.00,72889.20,75732.40,307725.516,1770163199999,23507272161.97430,8904271,150597.328,11504740665.99950,0
