open_time,open,high,low,close,volume,close_time,quote_volume,count,taker_buy_volume,taker_buy_quote_volume,ignore
1768003200000,90603.70,90800.00,90351.60,90469.60,25270.741,1768089599999,2289227865.14670,599781,12020.536,1088926580.30110,0
