open_time,open,high,low,close,volume,close_time,quote_volume,count,taker_buy_volume,taker_buy_quote_volume,ignore
1771804800000,67613.60,67655.80,63860.00,64625.80,277151.296,1771891199999,18105752523.78730,6630619,136928.480,8944665157.55320,0
