open_time,open,high,low,close,volume,close_time,quote_volume,count,taker_buy_volume,taker_buy_quote_volume,ignore
1772582400000,68295.20,74046.50,67350.00,72641.40,357143.496,1772668799999,25451510255.99590,9113296,190287.738,13562199872.30340,0
