open_time,open,high,low,close,volume,close_time,quote_volume,count,taker_buy_volume,taker_buy_quote_volume,ignore
1769040000000,89411.40,90327.70,88465.60,89518.50,105914.221,1769126399999,9479318940.23080,3188240,52482.607,4697915270.76820,0
