open_time,open,high,low,close,volume,close_time,quote_volume,count,taker_buy_volume,taker_buy_quote_volume,ignore
1753574400000,117889.30,119766.00,117800.80,119423.40,75978.959,1753660799999,9021870261.93430,1528886,39269.357,4663033730.90000,0
