open_time,open,high,low,close,volume,close_time,quote_volume,count,taker_buy_volume,taker_buy_quote_volume,ignore
1772928000000,67232.10,68171.60,65569.20,65934.30,155747.973,1773014399999,10426897603.09720,3935975,76827.845,5147142558.93670,0
