open_time,open,high,low,close,volume,close_time,quote_volume,count,taker_buy_volume,taker_buy_quote_volume,ignore
1755734400000,114220.50,114777.00,111944.00,112462.20,96406.356,1755820799999,10907840294.14140,2397213,47004.863,5318559666.85120,0
