open_time,open,high,low,close,volume,close_time,quote_volume,count,taker_buy_volume,taker_buy_quote_volume,ignore
1761091200000,108253.80,109160.00,106360.30,107532.00,180893.983,1761177599999,19528248919.20560,5662544,92821.336,10022954942.19960,0
