open_time,open,high,low,close,volume,close_time,quote_volume,count,taker_buy_volume,taker_buy_quote_volume,ignore
1777852800000,78529.00,80771.70,78128.30,79826.10,280916.582,1777939199999,22352471036.61390,5588231,139739.282,11125152316.58890,0
