open_time,open,high,low,close,volume,close_time,quote_volume,count,taker_buy_volume,taker_buy_quote_volume,ignore
1765497600000,92477.60,92719.00,89429.00,90229.60,144844.110,1765583999999,13200125050.18820,3756406,70171.626,6394111063.25650,0
