open_time,open,high,low,close,volume,close_time,quote_volume,count,taker_buy_volume,taker_buy_quote_volume,ignore
1758585600000,112604.70,113254.80,111405.10,111947.00,102258.264,1758671999999,11494032424.46550,2460994,51960.799,5841363219.91060,0
