open_time,open,high,low,close,volume,close_time,quote_volume,count,taker_buy_volume,taker_buy_quote_volume,ignore
1750204800000,104508.00,105500.00,103426.10,104832.80,172706.399,1750291199999,18052952724.87750,3219465,86108.275,9001683114.48410,0
