open_time,open,high,low,close,volume,close_time,quote_volume,count,taker_buy_volume,taker_buy_quote_volume,ignore
1765152000000,90345.40,92262.60,89553.80,90610.80,152474.739,1765238399999,13851183299.03890,4053719,75932.690,6898494855.95690,0
