open_time,open,high,low,close,volume,close_time,quote_volume,count,taker_buy_volume,taker_buy_quote_volume,ignore
1753660800000,119423.50,119812.00,117388.00,118041.40,106712.329,1753747199999,12646588023.95000,2373905,49363.385,5851265071.16470,0
