open_time,open,high,low,close,volume,close_time,quote_volume,count,taker_buy_volume,taker_buy_quote_volume,ignore
1766448000000,88581.50,88904.90,86536.00,87463.00,133657.948,1766534399999,11714876769.24630,3476009,64852.617,5685542045.10420,0
