open_time,open,high,low,close,volume,close_time,quote_volume,count,taker_buy_volume,taker_buy_quote_volume,ignore
1748131200000,107699.00,109285.10,106497.00,108955.90,159465.803,1748217599999,17159184232.00910,2938731,76863.251,8270758952.80130,0
