open_time,open,high,low,close,volume,close_time,quote_volume,count,taker_buy_volume,taker_buy_quote_volume,ignore
1751328000000,107087.30,107499.90,105182.60,105637.90,120434.401,1751414399999,12798966761.09810,2043731,58611.964,6229056079.21770,0
