open_time,open,high,low,close,volume,close_time,quote_volume,count,taker_buy_volume,taker_buy_quote_volume,ignore
1777507200000,75749.90,76630.30,75273.50,76305.40,99754.460,1777593599999,7592288630.26180,2581648,51739.389,3938217113.95570,0
