open_time,open,high,low,close,volume,close_time,quote_volume,count,taker_buy_volume,taker_buy_quote_volume,ignore
1759536000000,122182.60,122781.10,121432.00,122343.20,70479.210,1759622399999,8601963052.16530,1615003,34475.239,4208195407.63040,0
