open_time,open,high,low,close,volume,close_time,quote_volume,count,taker_buy_volume,taker_buy_quote_volume,ignore
1754697600000,116628.20,117906.70,116304.00,116422.10,77924.534,1754783999999,9109077804.53820,1513938,40145.588,4693361379.96370,0
