open_time,open,high,low,close,volume,close_time,quote_volume,count,taker_buy_volume,taker_buy_quote_volume,ignore
1767484800000,90595.80,91779.70,90595.70,91497.10,73773.029,1767571199999,6733223160.20200,1754310,37402.277,3413859398.85460,0
