open_time,open,high,low,close,volume,close_time,quote_volume,count,taker_buy_volume,taker_buy_quote_volume,ignore
1767052800000,87203.20,89355.00,86789.00,88455.30,126745.260,1767139199999,11172280215.55080,2751660,62853.527,5540336897.81150,0
