open_time,open,high,low,close,volume,close_time,quote_volume,count,taker_buy_volume,taker_buy_quote_volume,ignore
1778025600000,80861.90,82828.70,80651.20,81390.10,158200.508,1778111999999,12927894460.92710,3814275,81342.650,6648701776.01930,0
