open_time,open,high,low,close,volume,close_time,quote_volume,count,taker_buy_volume,taker_buy_quote_volume,ignore
1769731200000,84604.70,84697.20,81000.00,84211.40,254794.516,1769817599999,21126748812.48620,7256441,125556.402,10413491253.01050,0
