open_time,open,high,low,close,volume,close_time,quote_volume,count,taker_buy_volume,taker_buy_quote_volume,ignore
1768953600000,88390.70,90599.50,87205.50,89411.40,208082.615,1769039999999,18550738542.86820,5516402,102546.299,9143105060.37000,0
