open_time,open,high,low,close,volume,close_time,quote_volume,count,taker_buy_volume,taker_buy_quote_volume,ignore
1771372800000,67475.90,68438.00,65826.10,66422.80,163973.391,1771459199999,11015902259.55550,4414934,80983.885,5442262907.78370,0
