open_time,open,high,low,close,volume,close_time,quote_volume,count,taker_buy_volume,taker_buy_quote_volume,ignore
1750809600000,106034.90,108095.70,105755.60,107280.00,159277.823,1750895999999,17055576325.51440,2665403,81148.885,8689450609.29510,0
