open_time,open,high,low,close,volume,close_time,quote_volume,count,taker_buy_volume,taker_buy_quote_volume,ignore
1779062400000,77430.40,77757.50,76014.20,76963.20,178363.499,1779148799999,13699664123.41510,4327873,88084.022,6766389445.31750,0
