open_time,open,high,low,close,volume,close_time,quote_volume,count,taker_buy_volume,taker_buy_quote_volume,ignore
1763856000000,84689.40,88100.00,84622.00,86807.70,138930.073,1763942399999,12021965924.51500,3866798,69195.248,5988281050.72830,0
