open_time,open,high,low,close,volume,close_time,quote_volume,count,taker_buy_volume,taker_buy_quote_volume,ignore
1748649600000,103949.90,104859.30,103032.10,104544.70,103607.840,1748735999999,10771231013.72780,2173534,50579.791,5258359962.04280,0
