open_time,open,high,low,close,volume,close_time,quote_volume,count,taker_buy_volume,taker_buy_quote_volume,ignore
1773878400000,71202.90,71598.30,68750.00,69887.40,218646.177,1773964799999,15294450396.18980,5571163,104855.165,7335537800.71490,0
