open_time,open,high,low,close,volume,close_time,quote_volume,count,taker_buy_volume,taker_buy_quote_volume,ignore
1767830400000,91328.10,91666.00,89242.00,91059.80,168475.944,1767916799999,15234838673.23060,3683287,84435.026,7635322062.94200,0
