open_time,open,high,low,close,volume,close_time,quote_volume,count,taker_buy_volume,taker_buy_quote_volume,ignore
1778284800000,80155.20,81043.20,80080.00,80634.00,55957.334,1778371199999,4503617575.09460,1271383,28915.930,2327249644.93010,0
