open_time,open,high,low,close,volume,close_time,quote_volume,count,taker_buy_volume,taker_buy_quote_volume,ignore
1773273600000,70150.00,70756.50,69150.00,70480.10,186490.593,1773359999999,13053987974.22050,5027652,93473.694,6543069845.17250,0
