open_time,open,high,low,close,volume,close_time,quote_volume,count,taker_buy_volume,taker_buy_quote_volume,ignore
1759622400000,122343.20,125877.30,122088.10,123426.70,162571.000,1759708799999,20109937991.37640,3659205,83698.584,10355400613.06740,0
