open_time,open,high,low,close,volume,close_time,quote_volume,count,taker_buy_volume,taker_buy_quote_volume,ignore
1752278400000,117500.00,118176.90,116862.40,117389.30,63722.472,1752364799999,7488784312.84890,1330505,31394.033,3689856558.24850,0
