open_time,open,high,low,close,volume,close_time,quote_volume,count,taker_buy_volume,taker_buy_quote_volume,ignore
1748563200000,105539.90,106266.00,103555.00,103950.00,219701.302,1748649599999,23083176001.57920,4162110,106922.492,11234606621.34920,0
