open_time,open,high,low,close,volume,close_time,quote_volume,count,taker_buy_volume,taker_buy_quote_volume,ignore
1776384000000,75106.80,78300.00,74480.00,77030.60,239395.915,1776470399999,18324625150.37570,5543309,124203.819,9508968258.29910,0
