open_time,open,high,low,close,volume,close_time,quote_volume,count,taker_buy_volume,taker_buy_quote_volume,ignore
1759881600000,121286.60,124170.60,121005.30,123237.50,127099.786,1759967999999,15572092969.25540,3545539,66136.453,8102821498.20900,0
