open_time,open,high,low,close,volume,close_time,quote_volume,count,taker_buy_volume,taker_buy_quote_volume,ignore
1748304000000,109386.80,110700.00,107438.00,108889.30,223599.905,1748390399999,24452829099.86770,4065296,109504.224,11977737990.22880,0
