open_time,open,high,low,close,volume,close_time,quote_volume,count,taker_buy_volume,taker_buy_quote_volume,ignore
1764806400000,93376.80,94040.00,90822.50,92034.70,146772.427,1764892799999,13597441409.69190,4163902,71951.305,6667329541.12330,0
