open_time,open,high,low,close,volume,close_time,quote_volume,count,taker_buy_volume,taker_buy_quote_volume,ignore
1749081600000,104641.80,105878.30,100305.10,101458.60,246238.674,1749167999999,25426533952.98470,4120064,117166.339,12100737396.27560,0
