open_time,open,high,low,close,volume,close_time,quote_volume,count,taker_buy_volume,taker_buy_quote_volume,ignore
1759017600000,109577.20,112300.00,109136.50,112119.60,77247.963,1759103999999,8521046102.08860,1607459,39820.944,4392696394.15820,0
