open_time,open,high,low,close,volume,close_time,quote_volume,count,taker_buy_volume,taker_buy_quote_volume,ignore
1756339200000,111194.90,113429.00,110811.00,112507.30,97630.277,1756425599999,10988621821.80740,2252826,48243.477,5429943327.61280,0
