open_time,open,high,low,close,volume,close_time,quote_volume,count,taker_buy_volume,taker_buy_quote_volume,ignore
1755129600000,123323.90,124545.60,117004.00,118242.20,259801.570,1755215999999,31188419054.09930,4770691,121538.327,14590183740.30540,0
