open_time,open,high,low,close,volume,close_time,quote_volume,count,taker_buy_volume,taker_buy_quote_volume,ignore
1761868800000,108263.60,111233.00,108226.60,109557.30,152063.776,1761955199999,16683797487.54000,4790937,78106.793,8570620336.73030,0
