open_time,open,high,low,close,volume,close_time,quote_volume,count,taker_buy_volume,taker_buy_quote_volume,ignore
1768694400000,95107.90,95490.00,93550.30,93614.00,62580.393,1768780799999,5933385909.87450,1329656,30549.157,2897470488.18190,0
