open_time,open,high,low,close,volume,close_time,quote_volume,count,taker_buy_volume,taker_buy_quote_volume,ignore
1747958400000,111662.60,111770.40,106721.90,107271.50,279480.347,1748044799999,30543709259.44380,4943362,136446.687,14911670323.13490,0
