open_time,open,high,low,close,volume,close_time,quote_volume,count,taker_buy_volume,taker_buy_quote_volume,ignore
1760486400000,112983.90,113576.10,110096.90,110699.00,131777.090,1760572799999,14722103584.38900,4671881,64776.533,7236639640.38540,0
