open_time,open,high,low,close,volume,close_time,quote_volume,count,taker_buy_volume,taker_buy_quote_volume,ignore
1760659200000,108129.40,109199.80,103470.00,106378.60,242789.692,1760745599999,25744733284.11270,6936137,119199.822,12639240551.22690,0
