open_time,open,high,low,close,volume,close_time,quote_volume,count,taker_buy_volume,taker_buy_quote_volume,ignore
1755043200000,120080.90,123715.90,118829.00,123323.90,188073.873,1755129599999,22796282824.22410,3654672,93301.574,11312196562.83800,0
