open_time,open,high,low,close,volume,close_time,quote_volume,count,taker_buy_volume,taker_buy_quote_volume,ignore
1778112000000,81390.00,81680.60,79461.50,79969.40,134727.652,1778198399999,10847675002.30610,3380745,65049.244,5238074366.83520,0
