open_time,open,high,low,close,volume,close_time,quote_volume,count,taker_buy_volume,taker_buy_quote_volume,ignore
1776816000000,76288.30,79444.00,76078.60,78139.80,191087.096,1776902399999,14938373139.34610,4654803,101992.557,7974983102.88710,0
