open_time,open,high,low,close,volume,close_time,quote_volume,count,taker_buy_volume,taker_buy_quote_volume,ignore
1762732800000,104670.70,106666.00,104205.90,105966.30,120403.538,1762819199999,12736544297.33280,4212652,58544.195,6193456036.56970,0
