open_time,open,high,low,close,volume,close_time,quote_volume,count,taker_buy_volume,taker_buy_quote_volume,ignore
1760313600000,114894.50,115912.00,113600.50,115111.90,195996.783,1760399999999,22509504374.60670,4656609,95694.249,10990429088.48730,0
