open_time,open,high,low,close,volume,close_time,quote_volume,count,taker_buy_volume,taker_buy_quote_volume,ignore
1753747200000,118041.50,119258.70,116923.00,117897.00,115263.463,1753833599999,13605158270.34450,2551661,55053.068,6499896380.22710,0
