open_time,open,high,low,close,volume,close_time,quote_volume,count,taker_buy_volume,taker_buy_quote_volume,ignore
1778630400000,80461.00,81270.20,78713.80,79288.30,139700.645,1778716799999,11167790014.51360,2907428,69068.793,5522950812.33050,0
