open_time,open,high,low,close,volume,close_time,quote_volume,count,taker_buy_volume,taker_buy_quote_volume,ignore
1767398400000,89951.50,90716.90,89261.20,90595.80,56891.269,1767484799999,5120704164.66010,1281323,29015.764,2611863035.04100,0
