open_time,open,high,low,close,volume,close_time,quote_volume,count,taker_buy_volume,taker_buy_quote_volume,ignore
1754438400000,114069.60,115674.20,113304.50,114941.00,98598.670,1754524799999,11289146520.59820,2207330,48509.767,5554848440.68140,0
