open_time,open,high,low,close,volume,close_time,quote_volume,count,taker_buy_volume,taker_buy_quote_volume,ignore
1765238400000,90610.80,94555.00,89368.90,92638.40,181930.263,1765324799999,16746767484.46780,4479556,91703.897,8446337566.96070,0
