open_time,open,high,low,close,volume,close_time,quote_volume,count,taker_buy_volume,taker_buy_quote_volume,ignore
1749254400000,104240.10,105878.30,103800.10,105507.50,79833.173,1749340799999,8393331490.52600,1510843,42203.459,4437639700.73160,0
