open_time,open,high,low,close,volume,close_time,quote_volume,count,taker_buy_volume,taker_buy_quote_volume,ignore
1748908800000,105814.40,106775.00,104822.40,105330.10,139216.007,1748995199999,14728115908.78510,2606908,69730.139,7376563889.42070,0
