open_time,open,high,low,close,volume,close_time,quote_volume,count,taker_buy_volume,taker_buy_quote_volume,ignore
1754784000000,116422.10,119291.90,116413.20,119255.30,130331.779,1754870399999,15402998283.64030,2420657,65839.952,7779415999.36120,0
