open_time,open,high,low,close,volume,close_time,quote_volume,count,taker_buy_volume,taker_buy_quote_volume,ignore
1751414400000,105637.90,109690.40,105010.00,108800.00,177567.261,1751500799999,19179636772.55860,2621458,92413.926,9983565784.40090,0
