open_time,open,high,low,close,volume,close_time,quote_volume,count,taker_buy_volume,taker_buy_quote_volume,ignore
1747440000000,103412.20,103658.00,102541.60,103079.60,90372.669,1747526399999,9316018419.61710,1899774,44461.160,4583342965.45960,0
