open_time,open,high,low,close,volume,close_time,quote_volume,count,taker_buy_volume,taker_buy_quote_volume,ignore
1767744000000,93708.10,93708.10,90634.10,91328.00,148986.850,1767830399999,13680092151.81260,3128555,73299.714,6727596648.75520,0
