open_time,open,high,low,close,volume,close_time,quote_volume,count,taker_buy_volume,taker_buy_quote_volume,ignore
1760832000000,107117.50,109399.90,106055.80,108586.20,113473.720,1760918399999,12227415542.33710,3182090,57315.999,6175714778.14570,0
