open_time,open,high,low,close,volume,close_time,quote_volume,count,taker_buy_volume,taker_buy_quote_volume,ignore
1766361600000,88621.30,90599.00,87845.00,88581.50,154693.469,1766447999999,13801598552.25260,4180747,77898.364,6951347714.12610,0
