open_time,open,high,low,close,volume,close_time,quote_volume,count,taker_buy_volume,taker_buy_quote_volume,ignore
1765670400000,90191.30,90440.00,87504.30,88118.80,92086.654,1765756799999,8202472245.43010,2328828,42720.264,3805644073.48840,0
