open_time,open,high,low,close,volume,close_time,quote_volume,count,taker_buy_volume,taker_buy_quote_volume,ignore
1764633600000,86241.50,92273.20,86140.10,91249.10,228101.165,1764719999999,20398018617.27610,5320367,115973.460,10368494171.19870,0
