open_time,open,high,low,close,volume,close_time,quote_volume,count,taker_buy_volume,taker_buy_quote_volume,ignore
1778198400000,79969.50,80478.00,79137.40,80155.20,106762.913,1778284799999,8526573357.11950,2837678,54063.082,4317886683.48660,0
