open_time,open,high,low,close,volume,close_time,quote_volume,count,taker_buy_volume,taker_buy_quote_volume,ignore
1767139200000,88455.20,89192.80,87189.20,87608.20,96768.357,1767225599999,8534611355.54000,2111873,48482.035,4275528251.61570,0
