open_time,open,high,low,close,volume,close_time,quote_volume,count,taker_buy_volume,taker_buy_quote_volume,ignore
1765929600000,87826.30,90363.20,85261.30,86201.60,208646.748,1766015999999,18228465804.62130,5781931,105691.482,9233349207.38850,0
