open_time,open,high,low,close,volume,close_time,quote_volume,count,taker_buy_volume,taker_buy_quote_volume,ignore
1769385600000,86628.90,88834.10,86463.20,88300.60,134609.491,1769471999999,11814857414.29170,3655855,66466.747,5834082697.15860,0
