open_time,open,high,low,close,volume,close_time,quote_volume,count,taker_buy_volume,taker_buy_quote_volume,ignore
1756425600000,112507.30,112585.70,107411.40,108332.40,179725.172,1756511999999,19688668760.05720,3720115,85606.138,9377659144.88230,0
