open_time,open,high,low,close,volume,close_time,quote_volume,count,taker_buy_volume,taker_buy_quote_volume,ignore
1771027200000,68821.50,70557.70,68689.10,69795.40,114534.246,1771113599999,7975934194.15410,3101501,59131.453,4118198244.31350,0
