open_time,open,high,low,close,volume,close_time,quote_volume,count,taker_buy_volume,taker_buy_quote_volume,ignore
1762214400000,106544.00,107271.90,98888.80,101450.30,281742.160,1762300799999,28973193334.59770,8565646,135745.298,13963735714.40830,0
