open_time,open,high,low,close,volume,close_time,quote_volume,count,taker_buy_volume,taker_buy_quote_volume,ignore
1758412800000,115625.00,115778.00,115137.60,115183.90,32793.431,1758499199999,3786613657.95650,825048,16745.946,1933772183.04190,0
