open_time,open,high,low,close,volume,close_time,quote_volume,count,taker_buy_volume,taker_buy_quote_volume,ignore
1778803200000,81048.80,81623.80,78610.00,79074.00,153823.505,1778889599999,12292172672.26230,3558190,76762.992,6134432619.49800,0
