open_time,open,high,low,close,volume,close_time,quote_volume,count,taker_buy_volume,taker_buy_quote_volume,ignore
1777766400000,78652.80,79428.90,78027.00,78529.00,72033.621,1777852799999,5665696047.92640,1769810,36821.027,2896791628.42950,0
