open_time,open,high,low,close,volume,close_time,quote_volume,count,taker_buy_volume,taker_buy_quote_volume,ignore
1754956800000,118641.80,120270.00,118154.30,120081.00,125708.555,1755043199999,14984075258.14630,2609039,62783.535,7485321680.12820,0
