open_time,open,high,low,close,volume,close_time,quote_volume,count,taker_buy_volume,taker_buy_quote_volume,ignore
1747785600000,106800.00,110830.00,106037.90,109609.50,413589.854,1747871999999,44576303267.82020,6189752,209506.079,22586385067.00680,0
