open_time,open,high,low,close,volume,close_time,quote_volume,count,taker_buy_volume,taker_buy_quote_volume,ignore
1760227200000,110579.10,115730.30,109509.30,114894.40,217928.037,1760313599999,24571794294.01690,5262712,108538.204,12235618148.23850,0
