open_time,open,high,low,close,volume,close_time,quote_volume,count,taker_buy_volume,taker_buy_quote_volume,ignore
1769558400000,89197.80,90592.70,88786.00,89261.70,123884.859,1769644799999,11091286350.52050,3491891,61737.440,5528477718.53880,0
