open_time,open,high,low,close,volume,close_time,quote_volume,count,taker_buy_volume,taker_buy_quote_volume,ignore
1770508800000,69254.30,72300.00,68843.70,70288.10,162753.587,1770595199999,11477495028.25720,5758737,84081.188,5930510155.45590,0
