open_time,open,high,low,close,volume,close_time,quote_volume,count,taker_buy_volume,taker_buy_quote_volume,ignore
1762041600000,110047.30,111216.00,109368.90,110494.90,61109.173,1762127999999,6744087828.22750,2070247,29327.591,3237152488.59100,0
