open_time,open,high,low,close,volume,close_time,quote_volume,count,taker_buy_volume,taker_buy_quote_volume,ignore
1747612800000,106407.50,107114.30,102038.80,105531.60,257825.604,1747699199999,26840364600.38800,4455918,126416.817,13162993464.03480,0
