open_time,open,high,low,close,volume,close_time,quote_volume,count,taker_buy_volume,taker_buy_quote_volume,ignore
1775088000000,68086.40,68639.10,65676.10,66868.50,188358.921,1775174399999,12579517168.53440,4638638,90555.926,6049738477.81480,0
