open_time,open,high,low,close,volume,close_time,quote_volume,count,taker_buy_volume,taker_buy_quote_volume,ignore
1752537600000,119816.50,119919.40,115678.10,117738.50,269977.446,1752623999999,31656599892.94970,4738657,131447.500,15412735685.08970,0
