open_time,open,high,low,close,volume,close_time,quote_volume,count,taker_buy_volume,taker_buy_quote_volume,ignore
1750032000000,105534.70,108900.00,104920.00,106750.10,166813.219,1750118399999,17887208567.03730,3134819,85153.473,9131175475.79720,0
