open_time,open,high,low,close,volume,close_time,quote_volume,count,taker_buy_volume,taker_buy_quote_volume,ignore
1778976000000,78104.30,78564.30,76666.00,77430.40,86217.669,1779062399999,6712948169.96980,1935246,40338.720,3142948524.41890,0
