open_time,open,high,low,close,volume,close_time,quote_volume,count,taker_buy_volume,taker_buy_quote_volume,ignore
1768521600000,95567.40,95825.00,94234.50,95503.70,101218.089,1768607999999,9631783779.46910,2400899,48339.645,4600540806.82060,0
