open_time,open,high,low,close,volume,close_time,quote_volume,count,taker_buy_volume,taker_buy_quote_volume,ignore
1752969600000,117814.30,118856.60,116370.10,117216.00,82380.582,1753055999999,9710161747.26490,1751382,39522.257,4660078822.85560,0
