open_time,open,high,low,close,volume,close_time,quote_volume,count,taker_buy_volume,taker_buy_quote_volume,ignore
1750118400000,106750.10,107727.40,103300.00,104508.00,226051.863,1750204799999,23808393905.42780,3970409,112258.832,11824212353.61190,0
