open_time,open,high,low,close,volume,close_time,quote_volume,count,taker_buy_volume,taker_buy_quote_volume,ignore
1771286400000,68862.60,69228.60,66588.00,67475.90,149185.122,1771372799999,10110613783.24710,4735651,72488.674,4913522362.51580,0
