open_time,open,high,low,close,volume,close_time,quote_volume,count,taker_buy_volume,taker_buy_quote_volume,ignore
1773014400000,65934.30,69498.00,65770.50,68394.10,237211.547,1773100799999,16143343325.20730,6402136,121973.387,8301108300.60320,0
