open_time,open,high,low,close,volume,close_time,quote_volume,count,taker_buy_volume,taker_buy_quote_volume,ignore
1755993600000,115377.10,115640.00,110484.00,113446.30,133388.002,1756079999999,15148067971.34950,2638475,62689.861,7122684907.12930,0
