open_time,open,high,low,close,volume,close_time,quote_volume,count,taker_buy_volume,taker_buy_quote_volume,ignore
1774742400000,66334.80,67100.00,64918.20,65977.90,110278.396,1774828799999,7312091384.94660,2569247,52166.210,3460384461.26510,0
