open_time,open,high,low,close,volume,close_time,quote_volume,count,taker_buy_volume,taker_buy_quote_volume,ignore
1748217600000,108956.00,110400.00,108616.60,109386.80,146992.220,1748303999999,16103265896.33520,2776585,73695.689,8074191754.99520,0
