open_time,open,high,low,close,volume,close_time,quote_volume,count,taker_buy_volume,taker_buy_quote_volume,ignore
1756598400000,108758.00,109439.90,108021.00,108208.40,70149.546,1756684799999,7626942442.61100,1474441,35849.920,3897678579.92970,0
