open_time,open,high,low,close,volume,close_time,quote_volume,count,taker_buy_volume,taker_buy_quote_volume,ignore
1750464000000,103246.10,103940.60,100789.90,102079.80,120771.350,1750550399999,12390156115.48650,2033604,58453.589,5997353377.98720,0
