open_time,open,high,low,close,volume,close_time,quote_volume,count,taker_buy_volume,taker_buy_quote_volume,ignore
1759104000000,112119.70,114377.20,111501.00,114257.10,125405.709,1759190399999,14160916303.24030,2558792,63042.556,7119074227.58330,0
