open_time,open,high,low,close,volume,close_time,quote_volume,count,taker_buy_volume,taker_buy_quote_volume,ignore
1771113600000,69795.40,70938.50,68029.60,68796.90,151250.130,1771199999999,10503980127.90980,4131070,75420.635,5239469410.76890,0
