open_time,open,high,low,close,volume,close_time,quote_volume,count,taker_buy_volume,taker_buy_quote_volume,ignore
1765843200000,86390.00,88143.90,85226.00,87826.30,142225.048,1765929599999,12361523043.79640,4227432,70313.060,6113438681.89170,0
