open_time,open,high,low,close,volume,close_time,quote_volume,count,taker_buy_volume,taker_buy_quote_volume,ignore
1775952000000,73013.40,73094.40,70458.20,70711.10,134822.989,1776038399999,9619397053.25320,2700369,64950.326,4634586894.26970,0
