open_time,open,high,low,close,volume,close_time,quote_volume,count,taker_buy_volume,taker_buy_quote_volume,ignore
1759449600000,120481.30,123900.00,119200.00,122182.70,167880.262,1759535999999,20406510432.57450,3823032,86342.249,10498463327.60890,0
