open_time,open,high,low,close,volume,close_time,quote_volume,count,taker_buy_volume,taker_buy_quote_volume,ignore
1754179200000,112508.80,114730.00,111850.00,114150.80,63183.869,1754265599999,7180260356.76610,1586907,31097.096,3534100091.68050,0
