open_time,open,high,low,close,volume,close_time,quote_volume,count,taker_buy_volume,taker_buy_quote_volume,ignore
1770854400000,67054.80,68385.00,65081.00,66243.10,199993.259,1770940799999,13358290840.29030,6480832,97623.786,6521965541.19170,0
