open_time,open,high,low,close,volume,close_time,quote_volume,count,taker_buy_volume,taker_buy_quote_volume,ignore
1772064000000,67952.50,68850.00,66462.00,67448.20,177837.055,1772150399999,12034418012.35770,5337568,87776.569,5941265435.06130,0
