open_time,open,high,low,close,volume,close_time,quote_volume,count,taker_buy_volume,taker_buy_quote_volume,ignore
1751932800000,108203.90,109180.00,107400.00,108873.10,95156.027,1752019199999,10320330229.27380,1658291,47448.078,5146117084.82510,0
