open_time,open,high,low,close,volume,close_time,quote_volume,count,taker_buy_volume,taker_buy_quote_volume,ignore
1759795200000,124628.60,125098.00,120516.00,121286.50,181899.347,1759881599999,22319390759.21490,4202005,86256.749,10587449140.45240,0
