open_time,open,high,low,close,volume,close_time,quote_volume,count,taker_buy_volume,taker_buy_quote_volume,ignore
1750636800000,100904.70,106050.00,99547.60,105290.90,297222.041,1750723199999,30424122122.16810,4717211,150465.011,15408831229.47700,0
