open_time,open,high,low,close,volume,close_time,quote_volume,count,taker_buy_volume,taker_buy_quote_volume,ignore
1773705600000,74846.40,75998.90,73330.30,73872.40,218278.973,1773791999999,16237908572.56670,5479878,112058.066,8337836305.90800,0
