open_time,open,high,low,close,volume,close_time,quote_volume,count,taker_buy_volume,taker_buy_quote_volume,ignore
1761177600000,107532.10,111240.00,107462.90,110025.90,129640.717,1761263999999,14194391374.77400,4205445,63778.257,6983205780.05200,0
