open_time,open,high,low,close,volume,close_time,quote_volume,count,taker_buy_volume,taker_buy_quote_volume,ignore
1758240000000,117017.10,117406.80,115049.90,115569.50,88151.649,1758326399999,10241717036.89350,1845963,41905.847,4868815014.69980,0
