open_time,open,high,low,close,volume,close_time,quote_volume,count,taker_buy_volume,taker_buy_quote_volume,ignore
1756080000000,113446.20,113621.30,109219.80,110064.00,204839.785,1756166399999,22818722034.33740,4182903,97227.324,10831873150.44210,0
