open_time,open,high,low,close,volume,close_time,quote_volume,count,taker_buy_volume,taker_buy_quote_volume,ignore
1774396800000,70524.00,71999.90,70375.00,71297.50,166515.849,1774483199999,11849218843.54430,4276151,85566.483,6089918411.41550,0
