open_time,open,high,low,close,volume,close_time,quote_volume,count,taker_buy_volume,taker_buy_quote_volume,ignore
1768089600000,90469.70,91252.50,90175.30,90964.40,43544.382,1768175999999,3951590389.48780,1038354,21293.365,1932532329.09100,0
