open_time,open,high,low,close,volume,close_time,quote_volume,count,taker_buy_volume,taker_buy_quote_volume,ignore
1769904000000,78706.70,79396.80,75644.00,76931.50,186984.080,1769990399999,14530348059.77700,6762058,89510.966,6959321844.24930,0
