open_time,open,high,low,close,volume,close_time,quote_volume,count,taker_buy_volume,taker_buy_quote_volume,ignore
1766275200000,88320.70,89050.00,87548.50,88621.30,67624.388,1766361599999,5968133891.81960,1874966,32712.868,2887602454.75500,0
