open_time,open,high,low,close,volume,close_time,quote_volume,count,taker_buy_volume,taker_buy_quote_volume,ignore
1755648000000,112824.10,114569.00,112301.80,114220.50,130522.370,1755734399999,14819274146.38680,2930095,64879.793,7366865522.62610,0
