open_time,open,high,low,close,volume,close_time,quote_volume,count,taker_buy_volume,taker_buy_quote_volume,ignore
1763683200000,86601.40,87465.40,80600.00,85093.50,449804.324,1763769599999,37766204535.20640,12106325,213915.687,17962180053.01720,0
