open_time,open,high,low,close,volume,close_time,quote_volume,count,taker_buy_volume,taker_buy_quote_volume,ignore
1767916800000,91059.80,91999.00,89632.80,90603.60,140394.677,1768003199999,12741216614.73380,3331017,69989.001,6352106377.41890,0
