open_time,open,high,low,close,volume,close_time,quote_volume,count,taker_buy_volume,taker_buy_quote_volume,ignore
1753401600000,118294.40,118410.80,114667.30,117583.50,260386.754,1753487999999,30217394710.21490,4482676,123156.442,14294237851.14940,0
