open_time,open,high,low,close,volume,close_time,quote_volume,count,taker_buy_volume,taker_buy_quote_volume,ignore
1778716800000,79288.20,81999.00,78869.40,81048.90,175883.625,1778803199999,14166202818.07620,3735245,91821.900,7396409670.39570,0
