open_time,open,high,low,close,volume,close_time,quote_volume,count,taker_buy_volume,taker_buy_quote_volume,ignore
1750377600000,104607.10,106486.20,102255.30,103246.10,199102.135,1750463999999,20795551830.70140,3108911,97416.104,10175736757.05390,0
