open_time,open,high,low,close,volume,close_time,quote_volume,count,taker_buy_volume,taker_buy_quote_volume,ignore
1774310400000,70866.00,71377.50,68884.50,70523.90,196191.950,1774396799999,13772645263.82230,4920785,98069.538,6886069653.53460,0
