open_time,open,high,low,close,volume,close_time,quote_volume,count,taker_buy_volume,taker_buy_quote_volume,ignore
1764288000000,91292.20,93080.00,90155.00,90847.80,146920.347,1764374399999,13439159085.59290,3370293,74510.662,6816775836.85460,0
