open_time,open,high,low,close,volume,close_time,quote_volume,count,taker_buy_volume,taker_buy_quote_volume,ignore
1754092800000,113244.80,114000.00,111910.00,112508.80,102459.448,1754179199999,11582327925.57560,2253136,47169.224,5332165044.52070,0
