open_time,open,high,low,close,volume,close_time,quote_volume,count,taker_buy_volume,taker_buy_quote_volume,ignore
1756771200000,109187.90,111742.10,108333.00,111188.00,175961.356,1756857599999,19401297224.94340,3533098,86748.838,9565971726.02780,0
