open_time,open,high,low,close,volume,close_time,quote_volume,count,taker_buy_volume,taker_buy_quote_volume,ignore
1770163200000,75732.40,76952.50,71838.00,73137.40,293124.639,1770249599999,21772124047.95190,9146258,144596.988,10738927062.22910,0
