open_time,open,high,low,close,volume,close_time,quote_volume,count,taker_buy_volume,taker_buy_quote_volume,ignore
1765756800000,88118.80,89972.40,85073.00,86389.90,194216.045,1765843199999,17011925792.43250,4934375,94430.912,8272115736.19140,0
