open_time,open,high,low,close,volume,close_time,quote_volume,count,taker_buy_volume,taker_buy_quote_volume,ignore
1758326400000,115569.60,116059.20,115343.00,115624.90,32355.678,1758412799999,3744545955.47960,731518,14781.099,1710724205.75910,0
