open_time,open,high,low,close,volume,close_time,quote_volume,count,taker_buy_volume,taker_buy_quote_volume,ignore
1765065600000,89197.10,91722.00,87688.00,90345.40,129592.005,1765151999999,11615722866.77670,3338858,66100.060,5924783029.45390,0
