open_time,open,high,low,close,volume,close_time,quote_volume,count,taker_buy_volume,taker_buy_quote_volume,ignore
1778544000000,81699.10,81757.30,79801.00,80461.00,121313.956,1778630399999,9789139740.09450,2704822,60253.092,4862099743.67050,0
