open_time,open,high,low,close,volume,close_time,quote_volume,count,taker_buy_volume,taker_buy_quote_volume,ignore
1756166400000,110064.10,112330.00,108559.70,111709.90,145041.438,1756252799999,15983443440.89150,3465884,71412.185,7870638924.21600,0
