open_time,open,high,low,close,volume,close_time,quote_volume,count,taker_buy_volume,taker_buy_quote_volume,ignore
1762128000000,110494.90,110711.00,105300.00,106544.00,174258.047,1762214399999,18689862800.36290,5811945,85160.531,9132874748.49100,0
