open_time,open,high,low,close,volume,close_time,quote_volume,count,taker_buy_volume,taker_buy_quote_volume,ignore
1766102400000,85469.80,89374.60,85062.70,88100.00,178284.494,1766188799999,15617337797.65270,5034312,90542.953,7932688826.59740,0
