open_time,open,high,low,close,volume,close_time,quote_volume,count,taker_buy_volume,taker_buy_quote_volume,ignore
1757548800000,113896.80,115439.00,113340.70,115427.00,113066.078,1757635199999,12912039322.46440,2206093,56557.547,6460867065.08830,0
