open_time,open,high,low,close,volume,close_time,quote_volume,count,taker_buy_volume,taker_buy_quote_volume,ignore
1767657600000,93822.30,94415.40,91209.00,93708.00,187443.050,1767743999999,17445560806.77590,3608826,94232.226,8770892721.28980,0
