open_time,open,high,low,close,volume,close_time,quote_volume,count,taker_buy_volume,taker_buy_quote_volume,ignore
1775779200000,71750.40,73450.00,71382.10,72917.40,156569.666,1775865599999,11339768854.14310,3530906,80182.211,5808783569.39010,0
