open_time,open,high,low,close,volume,close_time,quote_volume,count,taker_buy_volume,taker_buy_quote_volume,ignore
1764201600000,90438.00,91931.90,90024.40,91292.20,113685.232,1764287999999,10363381065.75950,2798316,55922.730,5097906484.56030,0
