open_time,open,high,low,close,volume,close_time,quote_volume,count,taker_buy_volume,taker_buy_quote_volume,ignore
1763337600000,94221.70,96012.20,91250.00,92169.70,205161.285,1763423999999,19251468313.78950,6449728,98027.621,9200451323.27600,0
