open_time,open,high,low,close,volume,close_time,quote_volume,count,taker_buy_volume,taker_buy_quote_volume,ignore
1769990400000,76931.60,79311.00,74555.00,78692.50,259646.414,1770076799999,20033127365.07810,10356254,130227.950,10052791614.94390,0
