open_time,open,high,low,close,volume,close_time,quote_volume,count,taker_buy_volume,taker_buy_quote_volume,ignore
1748995200000,105330.10,105967.20,104111.70,104641.80,118534.125,1749081599999,12459563151.84030,2227909,58621.741,6162868431.13100,0
