open_time,open,high,low,close,volume,close_time,quote_volume,count,taker_buy_volume,taker_buy_quote_volume,ignore
1759190400000,114257.10,114800.00,112615.30,113988.80,119320.015,1759276799999,13560972134.97250,2649460,60328.767,6856314456.88510,0
