open_time,open,high,low,close,volume,close_time,quote_volume,count,taker_buy_volume,taker_buy_quote_volume,ignore
1766016000000,86201.60,89447.90,84408.60,85469.70,229573.679,1766102399999,19944082984.39680,6086801,114728.003,9969623749.29850,0
