open_time,open,high,low,close,volume,close_time,quote_volume,count,taker_buy_volume,taker_buy_quote_volume,ignore
1771977600000,64031.40,69999.00,63876.00,67952.50,299238.818,1772063999999,20064546495.41160,6996840,157407.474,10552957659.52020,0
