open_time,open,high,low,close,volume,close_time,quote_volume,count,taker_buy_volume,taker_buy_quote_volume,ignore
1762646400000,102269.30,105440.00,101300.00,104670.60,92367.670,1762732799999,9539326599.96350,3231981,48113.344,4969753127.35830,0
