open_time,open,high,low,close,volume,close_time,quote_volume,count,taker_buy_volume,taker_buy_quote_volume,ignore
1778457600000,82177.70,82350.00,80394.00,81699.10,121990.421,1778543999999,9914471000.51560,3134296,59087.775,4802044688.72590,0
