open_time,open,high,low,close,volume,close_time,quote_volume,count,taker_buy_volume,taker_buy_quote_volume,ignore
1774224000000,67830.70,71789.80,67400.10,70865.90,291099.678,1774310399999,20370260333.75580,7419964,149407.438,10456499392.32550,0
