open_time,open,high,low,close,volume,close_time,quote_volume,count,taker_buy_volume,taker_buy_quote_volume,ignore
1776038400000,70711.20,74870.00,70517.30,74385.00,213029.519,1776124799999,15429798791.71530,4357102,112073.325,8123328701.94140,0
