open_time,open,high,low,close,volume,close_time,quote_volume,count,taker_buy_volume,taker_buy_quote_volume,ignore
1751673600000,107935.30,108368.10,107688.30,108153.40,36660.948,1751759999999,3960654262.16640,734951,18462.029,1994707258.81600,0
