open_time,open,high,low,close,volume,close_time,quote_volume,count,taker_buy_volume,taker_buy_quote_volume,ignore
1754870400000,119255.30,122450.00,118050.00,118641.90,217088.254,1754956799999,26140833129.32720,4260404,108472.648,13067526473.92270,0
