open_time,open,high,low,close,volume,close_time,quote_volume,count,taker_buy_volume,taker_buy_quote_volume,ignore
1764028800000,88247.10,88477.60,86061.10,87324.10,149637.655,1764115199999,13058119938.88090,3934906,72724.940,6347967246.03690,0
