open_time,open,high,low,close,volume,close_time,quote_volume,count,taker_buy_volume,taker_buy_quote_volume,ignore
1763251200000,95560.40,96600.00,92922.80,94221.70,135749.509,1763337599999,12858824611.90570,4603648,65150.480,6173742396.48060,0
