open_time,open,high,low,close,volume,close_time,quote_volume,count,taker_buy_volume,taker_buy_quote_volume,ignore
1758931200000,109588.50,109700.00,109021.90,109577.30,35871.924,1759017599999,3923401762.55560,875737,17907.531,1958706422.63930,0
