open_time,open,high,low,close,volume,close_time,quote_volume,count,taker_buy_volume,taker_buy_quote_volume,ignore
1760918400000,108586.20,111650.00,107377.20,110469.90,139646.949,1761004799999,15403876134.72180,4408575,68490.715,7554196161.50170,0
