open_time,open,high,low,close,volume,close_time,quote_volume,count,taker_buy_volume,taker_buy_quote_volume,ignore
1758499200000,115183.90,115344.60,111469.20,112604.70,159461.568,1758585599999,18039188972.42700,3419373,74182.157,8390032354.47240,0
