open_time,open,high,low,close,volume,close_time,quote_volume,count,taker_buy_volume,taker_buy_quote_volume,ignore
1753488000000,117583.40,118300.00,117114.20,117889.20,57218.604,1753574399999,6739341628.41940,1160574,28458.148,3352360848.32190,0
