open_time,open,high,low,close,volume,close_time,quote_volume,count,taker_buy_volume,taker_buy_quote_volume,ignore
1765324800000,92638.30,94443.70,91520.00,91977.50,160488.780,1765411199999,14848606099.67050,4232140,78008.191,7219031219.02090,0
