open_time,open,high,low,close,volume,close_time,quote_volume,count,taker_buy_volume,taker_buy_quote_volume,ignore
1750982400000,106913.80,107686.00,106313.10,107010.70,118637.450,1751068799999,12685404247.20560,2005062,60117.113,6428393390.60140,0
