open_time,open,high,low,close,volume,close_time,quote_volume,count,taker_buy_volume,taker_buy_quote_volume,ignore
1775606400000,71890.20,72858.50,70671.60,71038.10,183378.492,1775692799999,13133483725.52910,4083755,93431.327,6693623001.93240,0
