open_time,open,high,low,close,volume,close_time,quote_volume,count,taker_buy_volume,taker_buy_quote_volume,ignore
1774915200000,66764.40,68600.00,65938.00,68241.50,243333.085,1775001599999,16388241988.44350,5862363,124615.591,8396181305.48690,0
