open_time,open,high,low,close,volume,close_time,quote_volume,count,taker_buy_volume,taker_buy_quote_volume,ignore
1766620800000,87627.40,88594.00,86902.10,87182.80,57796.252,1766707199999,5072600548.96330,1544627,27827.130,2442856595.03640,0
