open_time,open,high,low,close,volume,close_time,quote_volume,count,taker_buy_volume,taker_buy_quote_volume,ignore
1760054400000,121579.40,122497.00,101516.50,112714.90,391963.632,1760140799999,45076825982.40170,8976844,181714.840,20904806013.97560,0
