open_time,open,high,low,close,volume,close_time,quote_volume,count,taker_buy_volume,taker_buy_quote_volume,ignore
1749859200000,106027.30,106173.60,104225.40,105359.90,79911.570,1749945599999,8391666383.15090,1612153,39484.266,4146393733.03950,0
