open_time,open,high,low,close,volume,close_time,quote_volume,count,taker_buy_volume,taker_buy_quote_volume,ignore
1779148800000,76963.20,77384.60,76107.10,76799.90,99046.639,1779235199999,7603377917.78640,2665616,48097.270,3692720647.06020,0
