open_time,open,high,low,close,volume,close_time,quote_volume,count,taker_buy_volume,taker_buy_quote_volume,ignore
1757462400000,111499.90,114287.90,110855.80,113896.80,151901.539,1757548799999,17159405921.20620,2703708,76254.320,8616216430.83320,0
