open_time,open,high,low,close,volume,close_time,quote_volume,count,taker_buy_volume,taker_buy_quote_volume,ignore
1769817600000,84211.40,84239.50,75500.00,78706.80,271548.511,1769903999999,21725315465.78220,7438979,125677.136,10063492728.06210,0
