open_time,open,high,low,close,volume,close_time,quote_volume,count,taker_buy_volume,taker_buy_quote_volume,ignore
1757030400000,110679.50,113344.30,110153.30,110614.90,193375.404,1757116799999,21608268964.65910,3788859,95520.119,10674991930.16650,0
