open_time,open,high,low,close,volume,close_time,quote_volume,count,taker_buy_volume,taker_buy_quote_volume,ignore
1765411200000,91977.50,93547.30,89200.00,92477.50,191148.068,1765497599999,17359221855.95210,4805321,94016.625,8539381998.80380,0
