open_time,open,high,low,close,volume,close_time,quote_volume,count,taker_buy_volume,taker_buy_quote_volume,ignore
1775001600000,68241.40,69288.00,67534.90,68086.50,157276.220,1775087999999,10762216842.01740,4106767,80109.366,5482948501.16370,0
