open_time,open,high,low,close,volume,close_time,quote_volume,count,taker_buy_volume,taker_buy_quote_volume,ignore
1770595200000,70288.20,71434.90,68271.70,70110.50,222442.828,1770681599999,15536232970.81530,8000547,111498.925,7789587450.75710,0
