open_time,open,high,low,close,volume,close_time,quote_volume,count,taker_buy_volume,taker_buy_quote_volume,ignore
1764892800000,92034.70,92665.50,87976.30,89288.50,179125.057,1764979199999,16166343889.04620,4515304,88584.311,7995926556.41310,0
