open_time,open,high,low,close,volume,close_time,quote_volume,count,taker_buy_volume,taker_buy_quote_volume,ignore
1749945600000,105359.80,106099.40,104399.90,105534.60,78819.399,1750031999999,8299752647.86760,1615722,39480.384,4157719404.96150,0
