open_time,open,high,low,close,volume,close_time,quote_volume,count,taker_buy_volume,taker_buy_quote_volume,ignore
1753315200000,118713.40,119469.90,117050.20,118294.30,137377.613,1753401599999,16275419265.94690,2566930,67494.798,7998311440.35440,0
