open_time,open,high,low,close,volume,close_time,quote_volume,count,taker_buy_volume,taker_buy_quote_volume,ignore
1777939200000,79826.10,81745.40,79761.20,80861.90,170921.528,1778025599999,13859497343.31220,3517847,94779.367,7686811919.42910,0
