open_time,open,high,low,close,volume,close_time,quote_volume,count,taker_buy_volume,taker_buy_quote_volume,ignore
1753833600000,117897.10,118763.50,115700.00,117771.00,124917.857,1753919999999,14671863277.40300,2695165,60858.794,7148296382.16450,0
