open_time,open,high,low,close,volume,close_time,quote_volume,count,taker_buy_volume,taker_buy_quote_volume,ignore
1754265600000,114150.90,115686.00,114053.80,115002.10,83328.591,1754351999999,9566449201.05070,2122581,40432.436,4642286424.59960,0
