open_time,open,high,low,close,volume,close_time,quote_volume,count,taker_buy_volume,taker_buy_quote_volume,ignore
1757289600000,111075.50,112867.60,110566.50,112012.60,99117.859,1757375999999,11088708293.00360,2062136,49613.319,5550460075.51340,0
