open_time,open,high,low,close,volume,close_time,quote_volume,count,taker_buy_volume,taker_buy_quote_volume,ignore
1770336000000,62868.10,71714.40,59800.00,70544.50,559182.769,1770422399999,37147154675.96620,16332904,283473.971,18863949152.18620,0
