open_time,open,high,low,close,volume,close_time,quote_volume,count,taker_buy_volume,taker_buy_quote_volume,ignore
1776729600000,75790.10,76999.00,74777.90,76288.20,164760.987,1776815999999,12500416813.70380,4536844,82755.902,6280085483.84280,0
