open_time,open,high,low,close,volume,close_time,quote_volume,count,taker_buy_volume,taker_buy_quote_volume,ignore
1770422400000,70544.50,71690.00,67250.00,69254.20,266663.651,1770508799999,18436859331.99780,8784245,131785.540,9110082591.68010,0
