open_time,open,high,low,close,volume,close_time,quote_volume,count,taker_buy_volume,taker_buy_quote_volume,ignore
1774051200000,70472.60,71077.70,68511.30,68881.50,74084.886,1774137599999,5205605275.92530,1878597,34700.301,2440331893.15370,0
