open_time,open,high,low,close,volume,close_time,quote_volume,count,taker_buy_volume,taker_buy_quote_volume,ignore
1755302400000,117279.10,117857.10,117089.70,117329.70,46674.420,1755388799999,5485340879.19250,1042735,22363.887,2628326778.88380,0
