open_time,open,high,low,close,volume,close_time,quote_volume,count,taker_buy_volume,taker_buy_quote_volume,ignore
1749427200000,105676.50,110653.60,105253.20,110227.90,192956.409,1749513599999,20800388814.92730,3206202,103642.886,11174929159.94160,0
