open_time,open,high,low,close,volume,close_time,quote_volume,count,taker_buy_volume,taker_buy_quote_volume,ignore
1777420800000,76298.20,77873.20,74868.00,75749.90,186533.503,1777507199999,14249560003.82800,3744656,93018.079,7107579066.80160,0
