open_time,open,high,low,close,volume,close_time,quote_volume,count,taker_buy_volume,taker_buy_quote_volume,ignore
1776211200000,74106.90,75425.60,73449.00,74776.20,131029.771,1776297599999,9730355811.33520,3436946,66693.646,4954210269.13990,0
