open_time,open,high,low,close,volume,close_time,quote_volume,count,taker_buy_volume,taker_buy_quote_volume,ignore
1774656000000,66364.10,67284.00,65888.00,66334.80,89373.492,1774742399999,5950578006.83880,1936311,45864.542,3054483289.81930,0
