open_time,open,high,low,close,volume,close_time,quote_volume,count,taker_buy_volume,taker_buy_quote_volume,ignore
1761264000000,110026.00,112086.00,109650.00,110965.40,110759.532,1761350399999,12266995720.63840,3645127,54797.291,6069600111.87710,0
