open_time,open,high,low,close,volume,close_time,quote_volume,count,taker_buy_volume,taker_buy_quote_volume,ignore
1749340800000,105507.50,106482.60,104927.40,105676.50,75105.104,1749427199999,7939013396.43490,1397725,38745.874,4096542593.33560,0
