open_time,open,high,low,close,volume,close_time,quote_volume,count,taker_buy_volume,taker_buy_quote_volume,ignore
1769212800000,89558.70,89893.90,89116.90,89180.70,30735.937,1769299199999,2749562449.60910,704903,14976.518,1340050881.40530,0
