open_time,open,high,low,close,volume,close_time,quote_volume,count,taker_buy_volume,taker_buy_quote_volume,ignore
1759276800000,113988.70,118631.80,113899.40,118552.40,172989.429,1759363199999,20130425143.68280,3495797,91389.650,10636695052.05990,0
