open_time,open,high,low,close,volume,close_time,quote_volume,count,taker_buy_volume,taker_buy_quote_volume,ignore
1756944000000,111659.70,112136.80,109269.10,110679.40,122300.369,1757030399999,13516026898.71130,2639637,62399.713,6896231004.22840,0
