{
    "overall": {
        "total_trades": 8,
        "win_rate": 0.375,
        "total_pnl": -11.234987336510361,
        "avg_pnl": -1.4043734170637951,
        "avg_win": 3.3465729439116423,
        "avg_loss": -4.254941233649058
    },
    "regime_performance": {
        "trending_high_vol": {
            "trades": 3,
            "win_rate": 0.3333333333333333,
            "total_pnl": -3.599420933807358,
            "avg_rr": 0.4932287450015646
        },
        "trending_low_vol": {
            "trades": 5,
            "win_rate": 0.4,
            "total_pnl": -7.635566402703002,
            "avg_rr": 0.8057332809589219
        }
    },
    "exit_analysis": {
        "SL_HIT": {
            "count": 5,
            "pct_of_trades": 0.625,
            "avg_pnl": -4.254941233649058,
            "avg_bars_held": 18.6
        },
        "TP_HIT": {
            "count": 3,
            "pct_of_trades": 0.375,
            "avg_pnl": 3.3465729439116423,
            "avg_bars_held": 39.333333333333336
        }
    },
    "excursion_analysis": {
        "avg_mae_all": 194.23535749999974,
        "avg_mfe_all": 163.44014750000133,
        "avg_mae_winning_trades": 132.33950000000186,
        "tight_sl_percentage": 1.0
    },
    "policy_impact": {
        "trades_with_reductions": 8,
        "trades_without_reductions": 0,
        "win_rate_with_reductions": 0.375,
        "win_rate_without_reductions": 0,
        "avg_size_with_reductions": 1032.2320324065993,
        "avg_size_without_reductions": 0
    },
    "failure_modes": [
        {
            "mode": "SL_TOO_TIGHT",
            "confidence": 85,
            "evidence": "62.5% of trades hit SL, and winning trades suffer deep MAE.",
            "fix": "Widen SL multiplier in policy_engine.py or optimizer."
        }
    ]
}